species_name,last_recorded,family,sampled_year,curation_tags,taxonomy_issue,location_issue,refindable,record_link,cat_no,record_notes,record_month,record_life_stage,search_area_coordinates,found,date_searched_mmddyy,month_searched,people_searching,time_searched_mins,distance_walked_metres,gaigps_link,life_stage,fertile_material_present,individuals_found,search_tags,2025_inat_link,coordinates_found,individual_or_multiple_search,linear_or_area_search,associated_species_known,search_again,flowering_months,flowering_months_numeric,searched_in_flowering_time,possibly_found_sterile,age_of_sample_years,volunteers_seen_before,quadrat_size_m2,density_per_m^2
Amyema pendula,1888,Loranthaceae,1888,,N,Y,N,https://biocache.ala.org.au/occurrences/d78aa17d-40f4-47dd-bbb5-f911ba3cebae,NSW79533,Waterfall.,9,flowers,,,,,,,,,,,,,,,,,,,,,,,137,,,
Grevillea patulifolia,1888,Proteaceae,1888,,N,Y,N,https://biocache.ala.org.au/occurrences/ee9ce92a-7e86-4624-ab03-ab94d01b5e81,NSW664114,Waterfall.,9,flowers,,,,,,,,,,,,,,,,,,,,,,,137,,,
Melicytus dentatus,1888,Violaceae,1888,,N,Y,N,https://biocache.ala.org.au/occurrences/5d21b669-824b-4c5f-83f9-dbc7b1394ab9,NSW519431,Port Hacking.,8,sterile,,,,,,,,,,,,,,,,,,,,,,,137,,,
Lobelia gibbosa,1889,Campanulaceae,1889,,N,Y,N,https://biocache.ala.org.au/occurrences/840a95bf-e0b9-40c1-bca6-c789c1bdb6e9,NSW628454,"[No precise locality given], [Royal] National Park.",11,"flowers, fruits",,,,,,,,,,,,,,,,,,,,,,,136,,,
Austrostipa pubescens,1889,Poaceae,1889,,N,Y,N,https://biocache.ala.org.au/occurrences/e08d920a-3775-4a62-b259-dd4376774e80,NSW8542,[Royal] National Park.,11,,,,,,,,,,,,,,,,,,,,,,,,136,,,
Hibiscus richardsonii,1890,Malvaceae,1890,,N,Y,N,https://biocache.ala.org.au/occurrences/d2ba2cfa-03bb-4177-ba92-0b87d2d78baf,NSW517668,"Illawarra Road, near Otford.",11,"fruits, seed",,,,,,,,,,,,,,,,,,,,,,,135,,,
Stackhousia monogyna,1891,Celastraceae,1891,,N,Y,N,https://biocache.ala.org.au/occurrences/24f4c29e-ebe4-49bb-89f3-e255ae05eb75,NSW645608,Otford.,10,flowers,,,,,,,,,,,,,,,,,,,,,,,134,,,
Coopernookia barbata,1891,Goodeniaceae,1891,,N,Y,N,https://biocache.ala.org.au/occurrences/70a91bef-1f0d-40e3-8087-0b6143ffcfdb,NSW662928,Otford.,12,"buds, flowers",,,,,,,,,,,,,,,,,,,,,,,134,,,
Laxmannia gracilis,1892,Asparagaceae,1892,,N,Y,N,https://biocache.ala.org.au/occurrences/48e04ae5-e5f4-4b50-9f67-21bb00b461ac,NSW599709,"Waterfall, [Royal] National Park.",1,fertile,,,,,,,,,,,,,,,,,,,,,,,133,,,
Cycnogeton rheophilum,1893,Juncaginaceae,1893,,N,Y,N,https://biocache.ala.org.au/occurrences/7dd61afd-ad61-4d08-bb66-6bea99525b05,NSW2691,Port Hacking River.,9,fertile,,,,,,,,,,,,,,,,,,,,,,,132,,,
Myoporum acuminatum,1893,Scrophulariaceae,1893,,N,Y,N,https://biocache.ala.org.au/occurrences/2e1b8498-1d18-4532-af28-b59ce4cd38c8,NSW602013,Otford.,10,fruits,,,,,,,,,,,,,,,,,,,,,,,132,,,
Myriophyllum gracile,1894,Haloragaceae,1894,,N,Y,N,https://biocache.ala.org.au/occurrences/0d5c5d63-f285-44b0-836c-afd12593be49,NSW103210,[Royal] National Park.,4,sterile,,,,,,,,,,,,,,,,,,,,,,,131,,,
Lobelia simplicicaulis,1894,Campanulaceae,1894,,N,Y,N,https://biocache.ala.org.au/occurrences/90c1ab00-4ab4-4425-ae2d-d83fb8eb1537,NSW487545,Heathcote.,4,flowers,,,,,,,,,,,,,,,,,,,,,,,131,,,
Carex appressa,1894,Cyperaceae,1894,,N,Y,N,https://biocache.ala.org.au/occurrences/74493dfe-7374-4a49-acc7-d988174166d2,NSW639236,Otford.,,fertile,,,,,,,,,,,,,,,,,,,,,,,131,,,
Juncus bufonius,1895,Juncaceae,1895,,N,Y,N,https://biocache.ala.org.au/occurrences/d331c63e-fc9b-49e4-bca0-7401e96a278c,NSW7070,"Waterfall, Royal National Park.",12,flowers,,,,,,,,,,,,,,,,,,,,,,,130,,,
Cassytha melantha,1895,Lauraceae,1895,,N,Y,N,https://biocache.ala.org.au/occurrences/ed27a0a3-30ab-49a4-af13-93ec9184fee2,NSW135103,[Royal] National Park.,12,fruits,,,,,,,,,,,,,,,,,,,,,,,130,,,
Persicaria prostrata,1895,Polygonaceae,1895,,N,Y,N,https://biocache.ala.org.au/occurrences/48ef9a81-3293-415f-987f-66e28ace230c,NSW667174,"[No precise locality given], National Park.",6,fertile,,,,,,,,,,,,,,,,,,,,,,,130,,,
Rumex tenax,1895,Polygonaceae,1895,,N,Y,N,https://biocache.ala.org.au/occurrences/175142e9-619c-4248-bffb-012e5335f2dc,NSW150325,"[No precise locality given], [Royal] National Park.",11,fertile,,,,,,,,,,,,,,,,,,,,,,,130,,,
Cassinia aculeata,1896,Asteraceae,1896,C,Y,Y,N,n/a,,,,,,,,,,,,,,,,,,,,,,,,,,,129,,,
Juncus vaginatus,1896,Juncaceae,1896,,N,Y,N,https://biocache.ala.org.au/occurrences/ff4cb68f-a447-49e2-ba8b-bf58ab8d1645,NSW6832,Waterfall.,1,flowers,,,,,,,,,,,,,,,,,,,,,,,129,,,
Pomaderris elliptica,1896,Rhamnaceae,1896,,N,Y,N,https://biocache.ala.org.au/occurrences/2a2baecc-c03d-43f3-acbd-5db5a9216948,BRI AQ0109673,Port Hacking River.,9,"flowers, buds",,,,,,,,,,,,,,,,,,,,,,,129,,,
Podolepis jaceoides,1897,Asteraceae,1897,,N,Y,N,https://biocache.ala.org.au/occurrences/c6a861ac-b45d-4030-9ddd-3cf85d99be2c,NSW11961,Otford.,10,fertile,,,,,,,,,,,,,,,,,,,,,,,128,,,
Carex pumila,1897,Cyperaceae,1897,,N,Y,N,https://biocache.ala.org.au/occurrences/fce5f90a-0053-42e3-8376-5604958dff3d,NSW658924,Otford.,,fertile,,,,,,,,,,,,,,,,,,,,,,,128,,,
Acacia maidenii,1897,Fabaceae,1897,,N,Y,N,https://biocache.ala.org.au/occurrences/9e24810c-5318-48d8-babb-9a4f99b53823,NSW517289,Port Hacking River,3,"buds, flowers",,,,,,,,,,,,,,,,,,,,,,,128,,,
Ajuga australis,1897,Lamiaceae,1897,,N,Y,N,https://biocache.ala.org.au/occurrences/c011221c-bf14-4315-bab0-0dfd7f8f0b28,NSW297335,Otford.,10,flowers,,,,,,,,,,,,,,,,,,,,,,,128,,,
Leptospermum morrisonii,1898,Myrtaceae,1898,,N,Y,N,https://biocache.ala.org.au/occurrences/3dba50c9-3331-457d-a963-297f325589c0,NSW511848,"Kangaroo Creek, [Royal] National Park.",12,"flowers, fruits, seed",,,,,,,,,,,,,,,,,,,,,,,127,,,
Muehlenbeckia gracillima,1898,Polygonaceae,1898,,N,Y,N,https://biocache.ala.org.au/occurrences/927f6547-4d1c-42aa-b4a8-6d94b507f836,NSW667975,Otford.,12,fertile,,,,,,,,,,,,,,,,,,,,,,,127,,,
Persoonia hirsuta,1898,Proteaceae,1898,,N,Y,N,https://biocache.ala.org.au/occurrences/4d7cec50-76e7-41c2-bc0e-aea7e9bd86b4,NSW21776,[Royal] National Park.,11,buds,,,,,,,,,,,,,,,,,,,,,,,127,,,
Lepidium pseudotasmanicum,1899,Brassicaceae,1899,,N,Y,N,https://biocache.ala.org.au/occurrences/57a1e93c-8c94-4aeb-a60f-99ed2dbafc9a,NSW136275,Otford.,1,"fruits, seed",,,,,,,,,,,,,,,,,,,,,,,126,,,
Jacksonia scoparia,1899,Fabaceae,1899,,N,Y,N,https://biocache.ala.org.au/occurrences/8b9c1784-191c-4746-a145-5306e2a53bb2,NSW34188,Heathcote.,11,fruits,,,,,,,,,,,,,,,,,,,,,,,126,,,
Pennantia cunninghamii,1899,Pennantiaceae,1899,,N,Y,N,https://biocache.ala.org.au/occurrences/56b54704-fff0-4774-a2bd-9a7488363f1e,NSW147662,Otford.,1,flowers,,,,,,,,,,,,,,,,,,,,,,,126,,,
Cyanothamnus rigens,1901,Rutaceae,1907,O,N,Y,N,https://biocache.ala.org.au/occurrences/3881754c-bc49-4ac4-a5cd-6c388cdf1626,NSW385603,"Woronora River, Heathcote.",10,"flowers, buds",,,,,,,,,,,,,,,,,,,,,,,124,,,
Hemarthria uncinata,1902,Poaceae,1902,,N,Y,N,https://biocache.ala.org.au/occurrences/db650921-3f01-4a4c-bb22-858f785d706e,NSW12304,[Royal] National Park.,12,,,,,,,,,,,,,,,,,,,,,,,,123,,,
Adiantum silvaticum,1904,Pteridaceae,1904,,N,Y,N,https://biocache.ala.org.au/occurrences/9b850de8-f6a5-43df-8208-8808e2b0b7ee,NSW630553,"[No precise locality given], [Royal] National Park.",7,sterile,,,,,,,,,,,,,,,,,,,,,,,121,,,
Isolepis fluitans,1905,Cyperaceae,1905,,N,Y,N,https://biocache.ala.org.au/occurrences/6b5fa698-7525-4bf5-a60b-e55f8169f014,NSW73226,"Audley, Royal National Park. ""In dam.""",3,,,,,,,,,,,,,,,,,,,,,,,,120,,,
Dictymia brownii,1905,Polypodiaceae,1905,,N,Y,N,https://biocache.ala.org.au/occurrences/19452bc3-597e-4227-98e2-61ee23f36a4d,NSW632070,Otford.,6,fertile,,,,,,,,,,,,,,,,,,,,,,,120,,,
Boronia barkeriana,1908,Rutaceae,1908,,N,Y,N,https://biocache.ala.org.au/occurrences/df200c91-324e-4c4c-b755-1da27eefdaac,NSW385404,Waterfall.,10,flowers,,,,,,,,,,,,,,,,,,,,,,,117,,,
Calomeria amaranthoides,1910,Asteraceae,1910,,N,Y,N,https://biocache.ala.org.au/occurrences/484b3f0c-048d-45ea-b5e7-f6877a253b0c,NSW587265,[Royal] National Park [?],2,fertile,,,,,,,,,,,,,,,,,,,,,,,115,,,
Carex breviculmis,1911,Cyperaceae,1911,,N,Y,N,https://biocache.ala.org.au/occurrences/65ae1c0f-1341-4758-aaa9-290fdebf9a7f,NSW20800,Otford.,11,fertile,,,,,,,,,,,,,,,,,,,,,,,114,,,
Bossiaea rhombifolia,1915,Fabaceae,1915,O,N,Y,N,https://biocache.ala.org.au/occurrences/c960249f-2971-418c-af95-f460b472d69c,NSW43840,Heathcote. Woronora River.,10,fruits,,,,,,,,,,,,,,,,,,,,,,,110,,,
Pteris umbrosa,1915,Pteridaceae,1915,,N,Y,N,https://biocache.ala.org.au/occurrences/66b8dcf6-fe16-493d-8594-63900a28a522,MELUP010238a,Lilyvale,12,,,,,,,,,,,,,,,,,,,,,,,,110,,,
Rubus nebulosus,1920,Rosaceae,1920,,N,Y,N,https://biocache.ala.org.au/occurrences/5d1da367-5ea5-4fdb-80b2-ac9f0676ede6,NSW295011,[Royal] National Park.,12,sterile,,,,,,,,,,,,,,,,,,,,,,,105,,,
Epacris purpurascens,1921,Ericaceae,1921,,N,Y,N,https://biocache.ala.org.au/occurrences/c9264b9a-ddce-4b06-8bcd-ae8d368340a7,BRI AQ0187166,"Near Sutherland, C. 15M S of Sydney.",1,flowers,,,,,,,,,,,,,,,,,,,,,,,104,,,
Pultenaea polifolia,1921,Fabaceae,1921,,Y,Y,N,https://biocache.ala.org.au/occurrences/1d49f9c3-dc89-45a8-b65f-481c77c32078,NSW424891,"Lady Carrington Drive, [The Royal National Park].",4,fruits,,,,,,,,,,,,,,,,,,,,,,,104,,,
Micromyrtus ciliata,1923,Myrtaceae,1923,,N,Y,N,https://biocache.ala.org.au/occurrences/3d6f3fe8-0a64-4ab2-9d8a-deacc79fb6c2,NSW6992,Engadine.,9,"flowers, fruits",,,,,,,,,,,,,,,,,,,,,,,102,,,
Euphrasia collina,1924,Scrophulariaceae,1924,,N,Y,N,https://biocache.ala.org.au/occurrences/f47e7231-6448-4b7d-9fc1-d1d500afd6cb,NSW231231,Engendine (Engadine?).,9,flowers,,,,,,,,,,,,,,,,,,,,,,,101,,,
Eucalyptus tereticornis,1925,Myrtaceae,1925,,Y,Y,N,https://biocache.ala.org.au/occurrences/79022ac3-a54f-4a6b-93ab-df4c742003ec,NSW311004,"[Royal] National Park, near salt water, Royal National Park.",4,buds,,,,,,,,,,,,,,,,,,,,,,,100,,,
Asplenium polyodon,1927,Aspleniaceae,1927,,N,Y,N,https://biocache.ala.org.au/occurrences/4bdb3c6c-8cb3-4ef3-a373-f64784482259,CANB 2454.1,Waterfall.,7,,,,,,,,,,,,,,,,,,,,,,,,98,,,
Poa tenera,1927,Poaceae,1927,,N,Y,N,https://biocache.ala.org.au/occurrences/479dcc1d-63bc-4b3c-9dbe-270a0ec5d9e4,MEL 2309765A,[Royal] National Park.,1,flowers,,,,,,,,,,,,,,,,,,,,,,,98,,,
Pomaderris lanigera,1927,Rhamnaceae,1905,,N,Y,N,https://biocache.ala.org.au/occurrences/e263dd07-dc74-4d25-90a7-6b2c712b3f35,NSW647532,Waterfall.,10,flowers,,,,,,,,,,,,,,,,,,,,,,,98,,,
Eragrostis trachycarpa,1928,Poaceae,1928,,N,Y,N,https://biocache.ala.org.au/occurrences/646f4ce3-8d7c-4a9a-a73d-81ff2d128548,MEL 2309074A,Heathcote.,2,fruits,,,,,,,,,,,,,,,,,,,,,,,97,,,
Pomaderris ledifolia,1928,Rhamnaceae,1928,,N,Y,N,https://biocache.ala.org.au/occurrences/b8df0e90-a7bb-4fa6-b1d2-9fc59ef25c4c,CANB 5873.1,"Along banks of River, near Engadine.",8,flowers,,,,,,,,,,,,,,,,,,,,,,,97,,,
Rorippa gigantea,1929,Brassicaceae,1929,,N,Y,N,https://biocache.ala.org.au/occurrences/1e807d00-5267-45b8-81c0-a36adf07aad9,NSW137657,[Royal?] National Park.,10,"flowers, fruits",,,,,,,,,,,,,,,,,,,,,,,96,,,
Setaria distans,1930,Poaceae,1930,,N,Y,N,https://biocache.ala.org.au/occurrences/dab3565e-3338-4ad8-9c63-4eec236741b7,NSW8958,"[Royal] National Park, Royal National Park.",3,fertile,,,,,,,,,,,,,,,,,,,,,,,95,,,
Digitaria parviflora,1931,Poaceae,1931,,N,Y,N,https://biocache.ala.org.au/occurrences/4b1afd52-754a-4f9d-a1bc-fb630c9e4f4b,NSW7593,"[Royal] National Park, Royal National Park. ""Sandstone, rather moist situation.""",2,fertile,,,,,,,,,,,,,,,,,,,,,,,94,,,
Dillwynia sericea,1932,Fabaceae,1932,,N,Y,N,https://biocache.ala.org.au/occurrences/67238731-197d-4a2c-8a95-75a3f2749811,BRI AQ0230515,"National Park near Sydney, NSW. Shrub 1.5m; flowers yellow, rather showy.",8,flowers,,,,,,,,,,,,,,,,,,,,,,,93,,,
Coronidium gunnianum,1933,Asteraceae,1933,,Y,Y,N,https://biocache.ala.org.au/occurrences/dc2fcb4b-9976-49f5-8f28-c772a4714055,NSW597221,Waterfall.,7,fertile,,,,,,,,,,,,,,,,,,,,,,,92,,,
Styphelia longifolia,1933,Ericaceae,1933,,N,Y,N,https://biocache.ala.org.au/occurrences/0e84a41d-8442-40bc-8af8-ececcb7b357b,NSW265425,"Near Waterfall, [Royal] National Park.",7,buds,,,,,,,,,,,,,,,,,,,,,,,92,,,
Trachymene incisa,1934,Araliaceae,1934,,N,Y,N,https://biocache.ala.org.au/occurrences/f520c187-d73e-4848-8ece-a893c44b078a,NSW443535,"National Park [Royal]. ""Brush forest.""",10,flowers,,,,,,,,,,,,,,,,,,,,,,,91,,,
Hovea longifolia,1936,Fabaceae,1936,,N,Y,N,https://biocache.ala.org.au/occurrences/9325a966-9d35-4206-9ee6-113868d8a8bd,CANB 10369.1,National Park.,9,flowers,,,,,,,,,,,,,,,,,,,,,,,89,,,
Pomaderris andromedifolia,1936,Rhamnaceae,1936,,N,Y,N,https://biocache.ala.org.au/occurrences/62197f8a-ee65-4a68-85f6-bcb5a24069eb,CANB 10464.1,National Park.,9,"flowers, buds",,,,,,,,,,,,,,,,,,,,,,,89,,,
Microsorum pustulatum,1942,Polypodiaceae,1942,,N,Y,N,https://biocache.ala.org.au/occurrences/60e86fcf-2d2e-447a-8b11-d26083b5a679,NSW818473,"Waterfall, Royal National Park. ""Brush.""",5,sori,,,,,,,,,,,,,,,,,,,,,,,83,,,
Pomaderris ferruginea,1942,Rhamnaceae,1942,,N,Y,N,https://biocache.ala.org.au/occurrences/47bb2e13-a416-4fcb-ab3c-f6cd8a33841d,NE 2591,Engadine,9,,,,,,,,,,,,,,,,,,,,,,,,83,,,
Crassula sieberiana,1946,Crassulaceae,1946,,N,Y,N,https://biocache.ala.org.au/occurrences/2c750ed1-1ca0-410b-b4ce-f6ff59f81969,NSW143751,"Dwarf succulent herb to 6 cm. Frequent on rocks, early stage in sere, grows in mossy mats, Flowers white, minute. Flowers July. Hacking River, Royal National Park. ""On rocks in scrub forest.""",7,,,,,,,,,,,,,,,,,,,,,,,,79,,,
Dennstaedtia davallioides,1946,Dennstaedtiaceae,1946,,N,Y,N,https://biocache.ala.org.au/occurrences/143c0863-377b-4fa5-a055-c2fca43f23e4,NSW433484,"Waterfall, [Royal] National Park. ""In open grassy eucalypt forest with Pteridium aquilinum & Pellaea falcata.""",10,sterile,,,,,,,,,,,,,,,,,,,,,,,79,,,
Geranium potentilloides,1946,Geraniaceae,1946,S,N,Y,N,https://biocache.ala.org.au/occurrences/b283ea93-751d-4ae1-9e32-d4e2eb19e549,NE 182,"Herb, whole plant, with 5 pink petals. Royal National Park, Burning Palms",1,flowers,,,,,,,,,,,,,,,,,,,,,,,79,,,
Apium prostratum,1947,Apiaceae,1947,S,N,Y,N,https://biocache.ala.org.au/occurrences/d04d24d8-6a57-4b86-a1d0-c96425fedfae,NE 3772,"Straggling herb. White flowers. Burning Palms, Royal NP",1,flowers,,,,,,,,,,,,,,,,,,,,,,,78,,,
Prostanthera violacea,1948,Lamiaceae,1948,,N,Y,N,https://biocache.ala.org.au/occurrences/c4d03228-b96e-47e8-9dec-d35d1659da62,NSW128454,[Royal] National Park.,11,,,,,,,,,,,,,,,,,,,,,,,,77,,,
Corybas hispidus,1948,Orchidaceae,1948,,N,Y,N,https://biocache.ala.org.au/occurrences/ea27575c-91dd-4a01-bc13-a35bcf01c95f,BRI AQ0070194,Bundeena.,5,flowers,,,,,,,,,,,,,,,,,,,,,,,77,,,
Genoplesium nudiscapum,1949,Orchidaceae,1949,,N,Y,N,https://biocache.ala.org.au/occurrences/2f7e0d4c-7d08-40c8-81d7-c14b8f9e5b7b,"CNS 132556.1
",Waterfall,4,flowers,,,,,,,,,,,,,,,,,,,,,,,76,,,
Astrotricha crassifolia,1950,Araliaceae,1950,,N,N,Y,https://biocache.ala.org.au/occurrences/7ce065a5-1236-465f-bd61-692b270fdaee,NSW17171,"Shrub 8 ft [2.4 m] high. Not common, flowers white, anthers mauve. Tomentum white, only slightly rusty. Hacking River, 1-2 miles [1.6-3.2 km], S of Audley (W bank), Royal National Park. ""Sandstone gully.""",9,flowers,"-34.08814, 151.05387",N,8/12/2025,8,1,77,730,https://www.gaiagps.com/map/?loc=18.0/151.0544/-34.0881&pubLink=YiqSj6Jo5PAu6O8g5fnU8um5&trackId=1bdba4d3447c9ec95012b40cc4d75044,-,,0,"F, L",,,I,A,N,,aug - feb,"8, 9, 10, 11, 12, 1, 2",Y,,75,N,,
Wahlenbergia stricta,1950,Campanulaceae,1950,,N,Y,N,https://biocache.ala.org.au/occurrences/83f9bb78-7aa9-4081-9307-dc43101c0f05,UNSWDB7248,"""Forest.""",10,,,,,,,,,,,,,,,,,,,,,,,,75,,,
Thelymitra venosa,1950,Orchidaceae,1950,,N,Y,N,https://biocache.ala.org.au/occurrences/4cdb4e96-5995-4a27-84b0-1760b37b32d5,NSW16124,"Erect plant, 18-24 inches, flowers sky blue. Waterfall-Bulli road. ""Open swamp land. Sandstone.""",11,flowers,,,,,,,,,,,,,,,,,,,,,,,75,,,
Lepidosperma longitudinale,1951,Cyperaceae,1951,T,N,Y,N,https://biocache.ala.org.au/occurrences/f3038968-c7fb-4ca9-b1b4-74a0c1737157,NSW295543,"Marley to South-west Arm (Port Hacking), Royal National Park.",3,flowers,,,,,,,,,,,,,,,,,,,,,,,74,,,
Cheilanthes distans,1951,Pteridaceae,1951,,N,Y,N,https://biocache.ala.org.au/occurrences/63438819-29b0-4368-aade-cc7ada3f06a5,UNSWDB18899,"""Moist rock surfaces.""",6,,,,,,,,,,,,,,,,,,,,,,,,74,,,
Acacia elata,1952,Fabaceae,1952,,N,Y,N,https://biocache.ala.org.au/occurrences/15bc0539-6436-441b-bb9b-e767ce7136ac,NE 6769,"Tall shrub, vegetative material. Waterfall",5,,,,,,,,,,,,,,,,,,,,,,,,73,,,
Palhinhaea cernua,1953,Lycopodiaceae,1953,,N,N,Y,https://biocache.ala.org.au/occurrences/1095a09e-ddd4-4c9d-bb75-996186fcc370,NSW671876,"Upper Falls (c. 24 miles SW of Sydney), [Royal] National Park. ""On sandstone cliff face amongst Blechnum procerum and Drosera sp.""",4,,"-34.15066, 151.01489",Y,6/9/2025,6,2,28,600,https://www.gaiagps.com/map/?loc=17.9/151.0150/-34.1516&pubLink=2PL3WE9ncv8eRnclWaK6vzIQ&trackId=e87b8801-97cd-4fb2-8223-dcb29ec841b7,fertile (?),Y,31,,https://www.inaturalist.org/observations/288416012 https://www.inaturalist.org/observations/288134243,"-34.1515319806, 151.0153879919",I,A,Y,,dec - feb,"12, 1, 2",N,,72,Y,64,0.484375
Pterostylis obtusa,1953,Orchidaceae,1953,,N,Y,N,https://biocache.ala.org.au/occurrences/8b098d24-2ca6-43ab-af32-642bc026726d,CANB 950455.1,"North Era, National Park. ""Scrub, steep hillside. Narrabeen shale soil.""",4,flowers,,,,,,,,,,,,,,,,,,,,,,,72,,,
Notogrammitis billardierei,1953,Polypodiaceae,1953,,N,Y,N,https://biocache.ala.org.au/occurrences/29530c93-f404-4869-9202-4bce052a6b68,NE 8338,"Tufted habit. National Park, McKell Avenue ""Moss covered rocks in rainforest.""",7,,,,,,,,,,,,,,,,,,,,,,,,72,,,
Styphelia humifusa,1954,Ericaceae,1954,O,N,Y,N,https://biocache.ala.org.au/occurrences/936bc94c-652b-4660-95ec-d6e33184a895,NSW491013,Stanwell Park to Otford.,12,sterile,,,,,,,,,,,,,,,,,,,,,,,71,,,
Hibbertia bracteata,1955,Dilleniaceae,1955,,N,N,Y,https://biocache.ala.org.au/occurrences/a505b0c1-3a2e-4027-b4e4-1604f22fde55,NE 13912,"Royal National Park, Artillery Hill ""Hawkesbury sandstone community.""",7,,"-34.07970, 151.06054",N,6/9/2025,6,2,59,2140,https://www.gaiagps.com/map/?loc=16.0/151.0580/-34.0798&pubLink=dZ8SzmoBDHa9rg7X2Jw8F4zc&trackId=b734e24e-887a-4ec5-bf8a-ef15773cc919,-,,0,"L, R, H",-,-,M,A,N,,-,#N/A,#N/A,,70,Y,,
Caladenia tessellata,1955,Orchidaceae,1955,,N,Y,N,https://biocache.ala.org.au/occurrences/c6689c13-bc25-43dd-85bc-246e04d3223b,BRI AQ0070008,"Due to sensitivity concerns, the coordinates of this record have been generalised: ""Record is NSW Category 2 Conservation Protected in New South Wales. Generalised to 10km by NSW OEH."".",8,flowers,,,,,,,,,,,,,,,,,,,,,,,70,,,
Polyscias murrayi,1956,Araliaceae,1956,,N,Y,N,https://biocache.ala.org.au/occurrences/22698742-a165-46e0-ac4c-31cb1b03785f,NE 7741,"One half of a leaf. Bola Ck, Royal National Park",11,,,,,,,,,,,,,,,,,,,,,,,,69,,,
Genoplesium woollsii,1956,Orchidaceae,1956,,N,Y,N,https://biocache.ala.org.au/occurrences/a562eea0-1b60-4699-8001-7c55f96607f1,CNS 133201.1,Heathcote.,2,flowers,,,,,,,,,,,,,,,,,,,,,,,69,,,
Poa affinis,1956,Poaceae,1956,,N,Y,N,https://biocache.ala.org.au/occurrences/8709b465-ee0a-46af-9143-457dc1b6d661,NSW43244,"[J. Vickery writes about the specimen: Field observations indicated that this is a depauperate form of Poa affinis, found on the poorest sandstone soils on west-facing slopes above river. Quite common on this and similar sites]. Gundamaian, [Royal] National Park. ""On very poor sandstone slopes above Port Hacking River.""",12,,,,,,,,,,,,,,,,,,,,,,,,69,,,
Alectryon subcinereus,1956,Sapindaceae,1956,,N,Y,N,https://biocache.ala.org.au/occurrences/eaab12de-02ea-463f-875d-8a95713f2db1,NE 28826,"Bola Creek, Royal National Park ""In rainforest.""",11,,,,,,,,,,,,,,,,,,,,,,,,69,,,
Styphelia laeta,1957,Ericaceae,1957,O,N,Y,N,https://biocache.ala.org.au/occurrences/4f7a1713-96bc-4196-8472-d92461266f6f,NE 5901,"Bushy shrub 4-6ft [1.2-1.8m], Royal National Park, near Woronora River ""Dry sclerophyll scrub with Acacias, Persoonias, Epacrids and Dillwynia.""",9,,,,,,,,,,,,,,,,,,,,,,,,68,,,
Panicum simile,1957,Poaceae,1957,,N,Y,N,https://biocache.ala.org.au/occurrences/405d5885-6c8c-4e70-bc65-b3baf66bc175,UNSWDB6771,"""Hawkesbury Sandstone.""",12,,,,,,,,,,,,,,,,,,,,,,,,68,,,
Sloanea australis,1958,Elaeocarpaceae,1958,,N,Y,N,https://biocache.ala.org.au/occurrences/daada0f2-9ff1-46fa-a0de-4265a6e62125,NE 21864,"Bola Ck, Royal National Park, S of Sydney ""On deep alluvium soil in subtropical rainforest community.""",1,,,,,,,,,,,,,,,,,,,,,,,,67,,,
Myriophyllum variifolium,1958,Haloragaceae,1958,,N,Y,N,https://biocache.ala.org.au/occurrences/1ea1758f-26be-4df8-b6a5-54ae2383b565,NSW64442,"Kangaroo Creek, near Audley. ""In creek.""",1,flowers,,,,,,,,,,,,,,,,,,,,,,,67,,,
Persicaria decipiens,1958,Polygonaceae,1958,,N,Y,N,https://biocache.ala.org.au/occurrences/13fee8e0-0ab5-41ad-9946-a3b5c1a8ebb0,NSW666830,banks of Kangaroo Creek near Audley.,1,fertile,,,,,,,,,,,,,,,,,,,,,,,67,,,
Leichhardtia flavescens,1960,Apocynaceae,1960,,N,Y,N,https://biocache.ala.org.au/occurrences/31bbb4f1-a499-4c71-b314-6ee21c873f14,NE 7564,"Bola Creek, Royal National Park. ""In rainforest.""",11,,,,,,,,,,,,,,,,,,,,,,,,65,,,
Tetratheca ericifolia,1960,Elaeocarpaceae,1960,,N,Y,N,https://biocache.ala.org.au/occurrences/21d36061-d0df-4aa9-baf7-6a19860496dd,NSW114925,"Engadine. ""Sandy over sandstone heath.""",11,flowers,,,,,,,,,,,,,,,,,,,,,,,65,,,
Acacia obtusifolia,1960,Fabaceae,1960,,N,Y,N,https://biocache.ala.org.au/occurrences/d392b814-f902-4fe5-acd5-92fffe900980,NSW512939,"Trees up to c. 40 feet tall with a measured trunk diameter of 12-13 inches maximum. As one proceeds to the Woronora River others are seen quite commonly but scattered and mostly in the vicinity of 20 feet tall or a little less. None was observed with the usual somewhat 'mallee-like' habit of A. obtusifolia on the higher Blue Mountains. Compared to material in my herbarium the phyllodes are on the whole narrower, much longer, and with longer petioles than those from the higher Blue Mountains. In addition the longitudinal venation seems less distinct but this may be due to comparing dry to half-dry material. The habit of the tree or shrub is, of course, much more robust and tall at Engadine - Heathcote. No pods were available but a further, more exacting search will be made.         Engadine - Heathcote [Lat Long = midpoint]. On the right hand side of the Heathcote - Liverpool road as one travels from Heathcote to Liverpool. A few hundred yards from the junction of this road with the Pacific Highway. ""Hawkesbury sandstone, the largest trees being in rather sheltered positions (sheltered from the N and NW).""",4,sterile,,,,,,,,,,,,,,,,,,,,,,,65,,,
Luzula flaccida,1960,Juncaceae,1960,,N,Y,N,https://biocache.ala.org.au/occurrences/889cee86-e10b-4ae2-8b6b-59b121ae2ddb,UNSWDB3090,"""On edge of road in gutter - Narrabeen shale.",9,,,,,,,,,,,,,,,,,,,,,,,,65,,,
Backhousia leptopetala,1960,Myrtaceae,1960,,N,Y,N,https://biocache.ala.org.au/occurrences/3a63c86b-381c-4723-852c-1c8a7b5d21f2,NE 13314,"Royal NP, S of Sydney",11,,,,,,,,,,,,,,,,,,,,,,,,65,,,
Notothixos subaureus,1960,Santalaceae,1960,,N,Y,N,https://biocache.ala.org.au/occurrences/34f15ac1-4037-45f0-89c7-806dc9dbd159,UNSWDB5799,"Parasitic on Loranthus, Narabeen Shale.",9,,,,,,,,,,,,,,,,,,,,,,,,65,,,
Melaleuca squarrosa,1961,Myrtaceae,1961,,N,Y,N,https://biocache.ala.org.au/occurrences/336776be-f697-4a31-b7ab-9e9c8f6cc559,NSW571153,"South West Arm Creek, Royal National Park.",11,flowers,,,,,,,,,,,,,,,,,,,,,,,64,,,
Veronica plebeia,1961,Plantaginaceae,1961,,N,Y,N,https://biocache.ala.org.au/occurrences/e5d06883-e619-4df0-89e0-47d260f635a3,NSW126883,"Lady Carrington Drive at the S extremity, at junction with Garie Rd. ""On mossy rock by roadside.""",8,fruits,,,,,,,,,,,,,,,,,,,,,,,64,,,
Zieria compacta,1961,Rutaceae,1961,,N,Y,N,https://biocache.ala.org.au/occurrences/d8a61d45-73d6-45fd-84a6-e2d976a483c1,CBG 20272.1,"Small spreading shrub - 2 feet [60 cm]. Broad-leaved form. Nanophanaerophyte. 
Heathcote. ""Flat terrain. Sand. Heath.""",9,flowers,,,,,,,,,,,,,,,,,,,,,,,64,,,
Davallia solida,1964,Davalliaceae,1964,,N,Y,N,https://biocache.ala.org.au/occurrences/a979d4a9-e7f8-4019-a6a2-8fde64ddb60f,UNSWDB20275,"Lady Carrington Drive, Royal National Park. ""Hawkesbury sandstone, on sandstone rock in dry sclerophyll forest.""",9,,,,,,,,,,,,,,,,,,,,,,,,61,,,
Bossiaea obcordata,1964,Fabaceae,1964,,N,N,Y,https://biocache.ala.org.au/occurrences/20154917-992b-4c0d-9212-b488d04d9515,NSW565482,"Artillery Hill, Royal National Park.",9,"buds, flowers","-34.07970, 151.06054",N,6/9/2025,6,2,59,2140,https://www.gaiagps.com/map/?loc=16.0/151.0580/-34.0798&pubLink=dZ8SzmoBDHa9rg7X2Jw8F4zc&trackId=b734e24e-887a-4ec5-bf8a-ef15773cc919,-,,0,"L, R, H",-,-,M,A,N,,sep - feb,"9, 10, 11, 12, 1, 2",N,,61,Y,,
Dillwynia trichopoda,1964,Fabaceae,1964,,Y,N,N,https://biocache.ala.org.au/occurrences/e0936f7e-818b-451c-8add-5671f9b2ac5b,NSW409867,"Artillery Hill, Royal National Park.",9,buds,"-34.07970, 151.06054",,,,,,,,,,,,,,,,,,,,,,61,,,
Platylobium parviflorum,1964,Fabaceae,1964,,Y,N,N,https://biocache.ala.org.au/occurrences/4b4acc3a-4b9a-466f-88c8-0f38b58871b3,NSW108657,"Artillery Hill, [Royal] National Park.",9,flowers,"-34.07970, 151.06054",,,,,,,,,,,,,,,,,,,,,,61,,,
Grevillea linearifolia,1964,Proteaceae,1964,,Y,N,N,https://biocache.ala.org.au/occurrences/f3f61148-d04a-4f7a-bc19-e4e9cf403dd0,NSW726806,"Artillery Hill, Royal National Park.",9,fertile,"-34.07970, 151.06054",,,,,,,,,,,,,,,,,,,,,,61,,,
Arthropteris tenella,1964,Tectariaceae,1964,,N,Y,N,https://biocache.ala.org.au/occurrences/cd8ba108-ea9a-4792-8c9f-5eab93ecc05a,UNSWDB20188,"Epiphyte on rock. ""Rainforest.""",8,,,,,,,,,,,,,,,,,,,,,,,,61,,,
Schoenus maschalinus,1965,Cyperaceae,1965,,N,N,Y,https://biocache.ala.org.au/occurrences/01916fc4-743a-4881-aa14-0101df59efcd,NSW93652,"Marley Lagoon, 15 miles S of Sydney, Royal National Park. ""Frequent in moist sandy soil on edge of lagoon.""",12,fertile,"-34.11200, 151.13908",N,5/26/2025,5,2,128,1007,https://www.gaiagps.com/map/?loc=15.3/151.1322/-34.1117&pubLink=BDqOP9hCaLVzte1uNqNUHqFA&trackId=d15485ca-8db4-474e-bdd7-7c1ea3d1f904,-,,0,"R, N",-,-,M,L,N,Y,,,,,60,N,,
Gratiola pubescens,1965,Plantaginaceae,1965,,N,N,Y,https://biocache.ala.org.au/occurrences/a60642ea-adae-4e6e-83fb-79b2de09d666,NSW93915,"Creeping herb,flowers white. Marley Lagoon, c. 15 miles (24 km) S of Sydney, Royal National Park. ""Localised to moist sandy soil on edge of lagoon.""",12,flowers,"-34.11200, 151.13908",Y,5/26/2025,5,2,128,1007,https://www.gaiagps.com/map/?loc=15.3/151.1322/-34.1117&pubLink=BDqOP9hCaLVzte1uNqNUHqFA&trackId=d15485ca-8db4-474e-bdd7-7c1ea3d1f904,fruits,Y,1,,https://www.inaturalist.org/observations/284224735,"-34.112178, 151.139418",M,L,N,,dec - may,"12, 1, 2, 3, 4, 5",Y,,60,Y,64,0.015625
Cassinia longifolia,1965,Asteraceae,1965,,N,Y,N,https://biocache.ala.org.au/occurrences/78af57c1-b4d8-44d9-bd2a-0d052cb942d4,NSW128228,"More or less woolly variant. Near Upper Causeway, c. 8 miles (12.9 km) S of Sutherland, Royal National Park.",10,fertile,,,,,,,,,,,,,,,,,,,,,,,60,,,
Triglochin striata,1965,Juncaginaceae,1965,,N,Y,N,https://biocache.ala.org.au/occurrences/a235666d-b90b-4b30-bee4-0ba14405212e,NSW93916,"Locally frequent. Flowers creamish. Marley Lagoon, c. 15 miles [24 km] south of Sydney, Royal National Park. ""Moist rocky bank, above lagoon.""",12,"fertile, flowers",,,,,,,,,,,,,,,,,,,,,,,60,,,
Senecio minimus,1966,Asteraceae,1966,,N,Y,N,https://biocache.ala.org.au/occurrences/707e0a4b-63cc-4d5d-8c33-55e0bbd37c40,NSW572947,Otford.,1,"flowers, fruits",,,,,,,,,,,,,,,,,,,,,,,59,,,
Senecio prenanthoides,1966,Asteraceae,1966,,N,Y,N,https://biocache.ala.org.au/occurrences/a6ab1e58-2f89-4fa7-a281-b80cd74ed2a2,NSW128190,Otford.,6,fertile,,,,,,,,,,,,,,,,,,,,,,,59,,,
Hypolepis glandulifera,1966,Dennstaedtiaceae,1966,,N,Y,N,https://biocache.ala.org.au/occurrences/589afa72-9d07-4d21-bcb7-01d4dfaaf215,NSW140311,Otford.,5,fertile,,,,,,,,,,,,,,,,,,,,,,,59,,,
Lastreopsis decomposita,1966,Dryopteridaceae,1966,,N,Y,N,https://biocache.ala.org.au/occurrences/2bdb5932-424c-4809-b697-2f37c4c530aa,NSW637102,Otford.,5,fertile,,,,,,,,,,,,,,,,,,,,,,,59,,,
Parapolystichum acuminatum,1966,Dryopteridaceae,1966,,N,Y,N,https://biocache.ala.org.au/occurrences/e24ed05d-9a80-4081-abd9-a217868bfbd8,NSW637106,Otford.,5,fertile,,,,,,,,,,,,,,,,,,,,,,,59,,,
Bertya pomaderroides,1966,Euphorbiaceae,1966,S,N,Y,N,https://biocache.ala.org.au/occurrences/5a1a8e3a-93ff-4348-a75e-92e8a559b23f,NSW194863,"Kangaroo Creek, [Royal] National Park. ""Along creek. Sandy soil.",9,"flowers, fruits, buds",,,,,,,,,,,,,,,,,,,,,,,59,,,
Poranthera microphylla,1966,Phyllanthaceae,1966,,N,Y,N,https://biocache.ala.org.au/occurrences/5c04185e-7fbc-4935-9aa7-b56f9097f55d,NSW639726,Otford.,6,flowers,,,,,,,,,,,,,,,,,,,,,,,59,,,
Pomaderris discolor,1966,Rhamnaceae,1966,,N,N,Y,https://biocache.ala.org.au/occurrences/d9271673-379e-4c4b-9a0c-e8c3480f6a15,NSW128144,"near Karloo Pool, c. 2 miles E of Heathcote Railway Station, Royal National Park. ""Growing along creek.""",9,flowers,"-34.09156, 151.02917",N,7/22/2025,7,1,20,510,https://www.gaiagps.com/map/?loc=16.2/151.0311/-34.0919&pubLink=z4yFGxdq8vZAho3P5CLHHA1c&trackId=b6a3df0f-c417-4d43-868e-b7c314b543a2,-,,0,R,-,-,I,L,N,Y,sep - nov,"9, 10, 11",N,,59,N,,
Pomaderris ligustrina,1966,Rhamnaceae,1966,,N,Y,N,https://biocache.ala.org.au/occurrences/b4e20c4b-35f2-4f1d-b7b5-76b4bd1b6199,NSW101021,"Uloola Track, [Royal] National Park. ""Sandy soil, damp ground in dry sclerophyll forest.""",9,flowers,,,,,,,,,,,,,,,,,,,,,,,59,,,
Dodonaea camfieldii,1966,Sapindaceae,1966,,N,Y,N,https://biocache.ala.org.au/occurrences/65ba9d0f-d2b4-44b1-a18d-3cf956c34831,NSW96584,"Kangaroo Creek, Royal National Park. ""Dry sclerophyll.""",10,"fruits, seed",,,,,,,,,,,,,,,,,,,,,,,59,,,
Senecio diaschides,1967,Asteraceae,1967,,N,N,Y,https://biocache.ala.org.au/occurrences/ea63d6a2-384c-4b56-ae31-b580e11bf1dc,NSW97786,"Engadine. (c. 100 yards along fire trail E of station). ""On sandy soil in more or less dry sclerophyll forest. Trees growing in the general area: Eucalyptus capitellata, E. haemastoma x racemoea hybrid, E. sieberi, E. gummifera.""",7,fruits,"-34.06782, 151.01577",N,6/18/2025,6,4,21,367,"https://www.gaiagps.com/map/?loc=17.9/151.0149/-34.0687&pubLink=IZ93h7l1PAiq28EEJcM3Rxc3&trackId=306b7f7f-9d41-4e65-8c53-4a1150c86e33 (me), https://www.gaiagps.com/public/N7VmIAmVBOfXphoZJVyirroq/ (Mira)",-,,0,F,-,-,I,L,Y,,sep - feb,"9, 10, 11, 12, 1, 2",N,,58,N,,
Gonocarpus tetragynus,1967,Haloragaceae,1967,,N,N,Y,https://biocache.ala.org.au/occurrences/ff02729d-23ff-4bee-8431-f35b5c60c3b8,NSW127195,"National Park Station, both E and W of the line. ""Swampy situation, surrounded by heath.""",8,fertile,"-34.06261, 151.05658",N,6/18/2025,6,4,23,389,https://www.gaiagps.com/map/?loc=17.9/151.0567/-34.0626&pubLink=05Arxa1eRUrCtQpFirI0ct1b&trackId=38864741-0987-4acb-bbd3-05f5d5074dfe,-,,0,"F, R",-,-,I,A,N,Y,sep - oct,"9, 10",N,,58,N,,
Melodinus australis,1968,Apocynaceae,1968,,N,Y,N,https://biocache.ala.org.au/occurrences/97407dce-6f5c-44f9-a3d1-d0ef4f0d37df,NSW716760,"Lady Carrington Drive, Royal National Park. ""In rainforest.""",2,"buds, flowers",,,,,,,,,,,,,,,,,,,,,,,57,,,
Hydrocotyle acutiloba,1968,Araliaceae,1968,R,N,Y,N,https://biocache.ala.org.au/occurrences/5fff253b-6333-44e2-944b-1318d8989528,NSW452494,"Lady Carrington Drive, 2 miles (3.2 km) E of Heathcote, Royal National Park",2,fruits,,,,,,,,,,,,,,,,,,,,,,,57,,,
Lomandra micrantha,1969,Asparagaceae,1969,T,N,Y,N,https://biocache.ala.org.au/occurrences/d4a46a6b-5711-4627-b962-58cfc773c3b1,NSW103669,"Uloola Track, c. 0.75 miles E of Heathcote Railway Station, Royal National Park. ""In sandy soil at edge of soak in a burnt over dry sclerophyll forest area in association with Banksia serrata, Eucalyptus piperita, Angophora costata, Pteridium esculentum, Calorophus minor, Themeda australis, Drosera peltata, etc.""",4,fertile,,,,,,,,,,,,,,,,,,,,,,,56,,,
Homalanthus stillingiifolius,1969,Euphorbiaceae,1969,O,N,Y,N,https://biocache.ala.org.au/occurrences/d2ec4f6f-3230-46da-9875-271e87cd11ff,NSW641083,"Armour Range c. 0.25 mile N of Mount Armour. MR132891, Yerranderie 1:31860. ""Uncommon on rocky skeletal slate soil, W aspect, dry sclerophyll forest""",10,sterile,,,,,,,,,,,,,,,,,,,,,,,56,,,
Goodenia caroliniana,1969,Goodeniaceae,1969,,N,Y,N,https://biocache.ala.org.au/occurrences/9c9065ed-f988-46d6-aeb1-dd70936a62ef,NSW786149,Royal National Park.,7,"flowers, buds",,,,,,,,,,,,,,,,,,,,,,,56,,,
Epilobium hirtigerum,1969,Onagraceae,1969,,N,Y,N,https://biocache.ala.org.au/occurrences/d088992d-1718-4af2-a328-c481302d440b,NSW664262,"1 mile (1.6 km) S of Loftus. ""On very disturbed area, in low forest woodland of Eucalyptus resenifera and E. capitellata on level sandstone ridge, close to area of shale capping.""",12,fertile,,,,,,,,,,,,,,,,,,,,,,,56,,,
Chiloglottis reflexa,1969,Orchidaceae,1969,,N,N,Y,https://biocache.ala.org.au/occurrences/67aecb9d-2920-439d-983e-43e8d9400277,NSW124911,"Platypus Creek, c. 0.5 mile NW of Audley, Royal National Park. ""Occurring in sandy soil in burnt over area near creek in association with Angophora costata, Banksia spinulosa, Pteridium esculentum, Lomandra longifolia, Persoonia linearis, etc.",5,flowers,"-34.07029, 151.05202",?,6/18/2025,6,4,30,205,https://www.gaiagps.com/map/?loc=16.2/151.0552/-34.0703&pubLink=axbnRpWm2jNsggUPsxexw3Ow&trackId=59a2bc11-6052-41e7-80a5-a31ee5fb5a76,sterile,N,1,T,https://www.inaturalist.org/observations/290640326,"-34.07103, 151.05223",I,L,Y,,,,,Y,56,N,,
Prasophyllum striatum,1969,Orchidaceae,1969,,N,N,Y,https://biocache.ala.org.au/occurrences/60d00882-50ea-49c3-8f29-b9d3ff68a15c,NSW649632,"The Turrets, Uloola Track, 4 miles NE of Waterfall Railway Station, Royal National Park. ""Common in very damp moss patches on large flat rocks in heath. In association Prasophyllum sp., P. aureoviride, Leptospermum arachnoidenum, Baeckea imbricata, Caltyrix tetragona, etc. Altitude c. 210 m.""",4,"buds, flowers","-34.10447, 151.03477",N,8/12/2025,8,1,20,290,https://www.gaiagps.com/map/?loc=18.5/151.0471/-34.0939&pubLink=Yctso2HP9pvQTqa6eVH4U8xI&trackId=7c09adaf7521e27d389733171d1fb358,-,,0,F,https://www.inaturalist.org/observations/305720302,,I,A,Y,Y,sep - feb,"9, 10, 11, 12, 1, 2",N,,56,N,,
Clematis glycinoides,1970,Ranunculaceae,1970,S,N,Y,N,https://biocache.ala.org.au/occurrences/5bc7960d-196c-4ffd-a54b-cbdd0a1bfbaf,CBG 53238.1,"Garie Beach, Royal National Park.",8,flowers,,,,,,,,,,,,,,,,,,,,,,,55,,,
Wahlenbergia gracilis,1971,Campanulaceae,1971,,N,N,Y,https://biocache.ala.org.au/occurrences/19457d4f-fc1c-4ce0-8464-2ba638c4ecb2,NSW627664,"Governor Game Lookout, 9 miles (14.5 km) SSE of Sutherland, Royal National Park. ""Scattered among native vegetation.""",3,fruits,"-34.17123, 151.05307",F,7/27/2025,7,,,,,,,,,,,I,A,N,,,,,,54,,,
Acianthus exsertus,1971,Orchidaceae,1969,,N,N,Y,https://biocache.ala.org.au/occurrences/3c0b1a88-4b1e-403e-8b63-3aa494422aa9,NSW124912,"c. 220 yards [201.1 m] S of Engadine Railway Station, National Park. ""Occuring in sandy soil in association with Eucalyptus gummifera, Leptospermum attenuatum, Isopogon anemonifolius, etc.""",5,"buds, flowers","-34.06957, 151.01476",N,6/18/2025,6,3,72,830,https://www.gaiagps.com/public/fGIZVh5m6bMZSkbIZ8yCK6h8,-,,0,"R, F",-,-,I,A,Y,,-,#N/A,#N/A,,54,N,,
Plantago hispida,1971,Plantaginaceae,1971,,N,N,Y,https://biocache.ala.org.au/occurrences/11627dd0-b5c9-42fa-9c43-1f747b3d8b9f,NSW661653,"Garie Beach, c. 8 km E of Waterfall. ""At base of cliff on south side of beach, on Narrabeen shales.""",3,fertile,"-34.17260, 151.06508",?N,7/27/2025,7,3,66,1390,https://www.gaiagps.com/map/?loc=14.4/151.0864/-34.1669&pubLink=dAiFKhANqX8PJyuUmXcYkfZ7&trackId=1c944906d03f4016cf0e2e877dd4e932,-,,,"F, N",https://www.inaturalist.org/observations/301461354,-,I,L,N,,dec - may,"12, 1, 2, 3, 4, 5",N,,54,N,,
Plantago varia,1971,Plantaginaceae,1971,,N,N,Y,https://biocache.ala.org.au/occurrences/433f5185-6924-4d61-be36-f69b04076106,CBG 61639.1,"Garie Beach, Sydney area. ""Above cliffs on S side.""",11,flowers,"-34.17232, 151.06371",F,8/18/2025,8,2,,,,,,,,,,,A,N,,,,,,54,,,
Centrolepis fascicularis,1971,Restionaceae,1971,,N,N,Y,https://biocache.ala.org.au/occurrences/7d3b01bf-b621-4be5-811a-62fe1937d3cc,NSW655469,"Flat Rock Crossing, 9.7 km SSE of Sutherland, Royal National Park. ""In damp sandy soil by creek in association with Lepyrodia scariosa, Drosera binata, Baeckea linifolia, Utricularia dichotoma, U. lateriflora, U. biloba, etc.""",10,fertile,"-34.11494, 151.06847",Y,7/14/2025,7,2,60,346,https://www.gaiagps.com/map/?loc=18.3/151.0685/-34.1146&pubLink=02trNyIrIfbAVMKHriWs7fT0&trackId=dae7dc07-d864-401b-b55a-cee6806797d7,fertile,Y,1,T,https://www.inaturalist.org/observations/297866616 https://www.inaturalist.org/observations/297826076,"-34.11439, 151.06806",I,L,Y,,jul - feb,"7, 8, 9, 10, 11, 12, 1, 2",Y,,54,Y,64,0.015625
Opercularia aspera,1971,Rubiaceae,1971,,N,N,Y,https://biocache.ala.org.au/occurrences/0ccdfa91-3b07-4135-892b-6dab41dc786d,CANB 325646.1,"""Royal National Park: Curra Moors track between head and Middle Rill."" ""In dense undergrowth near creek.""",11,sterile,"-34.15926, 151.06433",Y,8/11/2025,8,2,,,,fertile,Y,2,L,https://www.inaturalist.org/observations/305472595 https://www.inaturalist.org/observations/305480625,"-34.15919, 151.06460",I,L,N,,,,,,54,Y,64,0.03125
Acacia baueri,1972,Fabaceae,1972,,N,N,Y,https://biocache.ala.org.au/occurrences/7eeafa43-7597-4476-949e-656bff53794c,NSW393311,"On the road to Warrumbul, just off the junction with the Gundamaian Park road, Royal National Park. ""In sandy soil in low heath, in association with Acacia ulicifolia, Zieria laevigata, Eriostemon buxifolius, Banksia ericifolia, Dillwynia floribunda, Platysace stephensonii, Hemigenia purpurea, etc.""",6,fruits,"-34.07927, 151.09429",N,5/28/2025,5,4,29,610,https://www.gaiagps.com/map/?loc=16.5/151.0951/-34.0801&pubLink=AyvuAPoKTs2myYr4xZc6Fgfh&trackId=19836d0c-4e17-4d50-918b-94e63564732b,-,,0,"I, R, F",-,-,I,L,Y,Y,dec - may,"12, 1, 2, 3, 4, 5",Y,,53,N,,
Mitrasacme paludosa,1973,Loganiaceae,1973,,N,N,Y,https://biocache.ala.org.au/occurrences/38a98a4a-066d-4044-b0ae-b1edeb36c309,NSW229939,"Rare. Prostrate herb with white flowers. The Basin, 3 miles (4.8 km) SW of Cronulla, Royal National Park. ""At edge of salt marsh with Casuarina glauca, Livistonia australis, etc.""",6,"flowers, fruits","-34.08465, 151.13323",N,5/21/2025,5,2,49,870,https://www.gaiagps.com/map/?loc=15.9/151.1353/-34.0869&pubLink=kUhmZNnjgRbvfTZcTIgRZHR3&trackId=3f4bf716-7d90-48e0-ba56-d8dff34530d8,-,,0,"F, R",-,-,I,A,Y,,-,#N/A,#N/A,,52,N,,
Calamagrostis quadriseta,1973,Poaceae,1973,,N,N,Y,https://biocache.ala.org.au/occurrences/0f4137ff-8c52-45d9-8e24-f5495a6476c8,UNSWDB5036,"North Marley Head, Royal National Park. ""Sandy heath.""",11,,"-34.11369, 151.15105",N,5/26/2025,5,2,31,660,https://www.gaiagps.com/map/?loc=15.7/151.1458/-34.1125&pubLink=yl60jkByOhOSoOqoQdwy9hDc&trackId=d9e0ccb6-f6ab-491e-8eb8-51d0afc69b7f,-,,0,I,-,-,I,A,N,,mar - jun,"3, 4, 5, 6",Y,,52,Y,,
Senecio vagus,1973,Asteraceae,1973,"T, I",N,Y,N,https://biocache.ala.org.au/occurrences/78a7d28a-0dd2-4ee5-861d-a8756964b592,NSW589453,"Open areas along Bola Creek, S end of Lady Carrington Drive, Royal National Park.",12,fertile,"-34.14219, 151.03171",,,,,,,,,,,,,,,,,,,,,,52,,,
Fimbristylis dichotoma,1973,Cyperaceae,1973,,N,Y,N,https://biocache.ala.org.au/occurrences/3b69ec37-5d6f-4db6-9b58-35a504ef2131,NSW651558,"Scattered. Tufted sedge 20 cm high with brown spikelets. near Waterfall, Royal National Park. ""Growing among grass.""",6,fertile,,,,,,,,,,,,,,,,,,,,,,,52,,,
Lepidosperma flexuosum,1973,Cyperaceae,1973,R,Y,Y,N,https://biocache.ala.org.au/occurrences/281ad4d8-6ad3-42f5-8a6b-67727251a9ef,BRI AQ0303445,"Uloola Track, Royal National Park near Heathcote Railway Station. ""In damp sandy soil on hillside with Lepidosperma neesii, of the the dominant plant species.""",6,,,,,,,,,,,,,,,,,,,,,,,,52,,,
Lepidosperma quadrangulatum,1973,Cyperaceae,1973,,N,N,Y,https://biocache.ala.org.au/occurrences/45d0107d-d34b-4a59-a24d-bdb50ec87f18,NSW521354,"Between Loftus and National Park Station, Royal National Park. ""In swampy area where Chorizandra cymbaria and Schoenus apogon were common.""",5,fertile,"-34.05478, 151.05262",N,6/18/2025,6,4,69,2490,https://www.gaiagps.com/map/?loc=19.9/151.0559/-34.0612&pubLink=alBnDbK3uoJOqaFHshpODANN&trackId=cfcc6c17-2c49-427b-b4c9-2afd7bb8bca22,-,,0,"R, F",-,-,I,L,Y,,mar - aug,"3, 4, 5, 6, 7, 8",Y,,52,N,,
Schoenus villosus,1973,Cyperaceae,1973,,N,Y,N,https://biocache.ala.org.au/occurrences/e559e4d1-5430-4a1b-8716-e63f4e018543,NSW631768,"near Loftus, Royal National Park. ""In sandy soil in Cauarina littoralis-Eucalyptus woodland with Schoenus moorei, Ptilanthelium deustum, etc.""",8,fertile,,,,,,,,,,,,,,,,,,,,,,,52,,,
Eriocaulon scariosum,1973,Eriocaulaceae,1973,,N,Y,N,https://biocache.ala.org.au/occurrences/effcef05-38cf-4d6f-8021-a2c0ba5d94a6,NSW269689,"Uncommon. Tufted herb 10-15 cm high with greyish capitate inflorescences. Temptation Creek near Loftus, Royal National Park. ""On creek bank with Banksia ericifolia, Hakea teretifolia. In sandy soil.""",5,flowers,"-34.05252, 151.06702",,,,,,,,,,,,,,,,,,,,,,52,,,
Dicranopteris linearis,1973,Gleicheniaceae,1973,,N,Y,N,https://biocache.ala.org.au/occurrences/05818101-726b-4f3f-a0cb-5633d5067be2,"NSW435684
","Fern 40-50 cm high with creeping rhizome and leaves slightly glaucous below. Rare. Noted NPWS Rare Plants Data Base 1984. Near Loftus, Royal National Park. ""In sandstone crevices on SE facing slope with Eucalyptus piperita, E. gummifera, Angophora costata, Epacris longiflora, Gleichenia rupestris, Leucopogon amplexicaulis, etc.""",8,fertile,,,,,,,,,,,,,,,,,,,,,,,52,,,
Vallisneria nana,1973,Hydrocharitaceae,1973,,N,Y,N,https://biocache.ala.org.au/occurrences/b036802d-2cfc-47d6-a74e-a3e298f47204,MEL 1515685A,"Aquatic plant in flower. Hacking River, Audley, Royal National Park (2 1/2 miles (4km) south of Sutherland.). ""Growing with Egeria densa, Potamogeton, etc.""",1,flowers,,,,,,,,,,,,,,,,,,,,,,,52,,,
Cenchrus caliculatus,1973,Poaceae,1973,,N,Y,N,https://biocache.ala.org.au/occurrences/b089971d-c86e-44aa-8a4c-9bb7238c6a2f,NSW534170,"Between Audley and Gundamaian, Royal National Park. ""In Eucalyptus punctata-Angophora costata forest on sandstone slope with Paspalidium aversum, Gahnia melanocarpa, G.aspera, etc.""",5,fertile,,,,,,,,,,,,,,,,,,,,,,,52,,,
Entolasia whiteana,1973,Poaceae,1973,,N,Y,N,https://biocache.ala.org.au/occurrences/a9be835a-cb04-4da0-bd60-56f254b4dab2,NSW530211,"Between Audley and Gundamaian [?]. ""Grass in Eucalyptus forest on sandstone slope with Angophora costata, Eucalyptus punctata, etc.""",5,fertile,,,,,,,,,,,,,,,,,,,,,,,52,,,
Potamogeton ochreatus,1973,Potamogetonaceae,1973,,N,Y,N,https://biocache.ala.org.au/occurrences/30e16776-0d49-4742-a94a-21a1238de718,NSW691484,"Hacking River, Audley [2.5 miles, (4 km), S of Sutherland], Royal National Park. ""Growing with Egeria densa, Vallisneria, etc.",1,,,,,,,,,,,,,,,,,,,,,,,,52,,,
Opercularia hispida,1973,Rubiaceae,1973,,N,Y,N,https://biocache.ala.org.au/occurrences/8e4914e3-16b7-4f39-a2fc-9431fae02212,NSW670785,"S bank of Hacking River, Audley, Royal National Park. ""Growing among sandstone rocks, a few feet above water.""",5,fertile,,,,,,,,,,,,,,,,,,,,,,,52,,,
Opercularia varia,1973,Rubiaceae,1973,,N,Y,N,https://biocache.ala.org.au/occurrences/f03d32e8-7470-46f7-99d6-612905ada4b1,NSW670370,"Herb to 20 cm high, leaves with a very pungent smell when crushed Scattered. c. 1 mile [1.6 km] S of Heathcote Railway Station, Royal National Park. ""In sandy soil in dry sclerophyll forest with Eucalyptus sieberi, E. gummifera, E. haemastoma, etc.""",6,"fertile, flowers",,,,,,,,,,,,,,,,,,,,,,,52,,,
Schizaea dichotoma,1973,Schizaeaceae,1973,,N,Y,N,https://biocache.ala.org.au/occurrences/c51d5b24-d8f1-4a90-a1c4-6b5bdc527370,NSW628138,"Tufted fern 40-45 cm high. Very localised. between Audley and Gundamaian, Royal National Park. ""At base of sandstone rocks in forest of Eucalyptus sieberi and E. gummifera on slope.""",5,fertile,,,,,,,,,,,,,,,,,,,,,,,52,,,
Halophila decipiens,1974,Hydrocharitaceae,1974,,N,Y,N,https://biocache.ala.org.au/occurrences/479aefb9-901f-4a9b-8db1-a8f8ece6ba37,PERTH 9496130,"South West Arm, Port Hacking ""Growing with Posidonia australis.""",1,,,,,,,,,,,,,,,,,,,,,,,,51,,,
Halophila ovalis,1974,Hydrocharitaceae,1974,,N,Y,N,https://biocache.ala.org.au/occurrences/e27834c3-59aa-4549-8681-d241132c57f2,PERTH 7203462,SW Arm of Port Hacking,1,,,,,,,,,,,,,,,,,,,,,,,,51,,,
Cassytha paniculata,1974,Lauraceae,1974,,N,N,Y,https://biocache.ala.org.au/occurrences/279e5fd6-2bf2-45ea-b8ff-dc8c9fce5c88,NSW274983,"Parasitic twiner (not host specific) occurring on many species including Acacia parramattensis, Angophora costata, etc. Localised. Material in FAA. National Park Station (2.8 km SSE of Sutherland), Royal National Park.",9,sterile,"-34.06261, 151.05658",N,6/18/2025,6,4,69,2490,https://www.gaiagps.com/map/?loc=19.9/151.0559/-34.0612&pubLink=alBnDbK3uoJOqaFHshpODANN&trackId=cfcc6c17-2c49-427b-b4c9-2afd7bb8bca2,-,,0,R,-,-,M,A,Y,Y,sep - jun,"9, 10, 11, 12, 1, 2, 3, 4, 5, 6",Y,,51,N,,
Machaerina gunnii,1975,Cyperaceae,1975,,N,N,Y,https://biocache.ala.org.au/occurrences/cb721a58-1b16-48ac-9177-9efcd9a21a80,NSW688436,"Tufted sedge 70-80 cm high with green stems and orange seeds. Very common. [Drawn for Flora of NSW]. Bola Creek on Stevens Drive, ""In Banksia robur swamp with Chorizandra cymbaria, Baumea rubiginosa, Restio tetraphyllus ssp. meiostachyus, R. complanatus, Hakea teretifolia, Viminaria juncea, etc.""",5,fertile,"-34.17041, 151.04321",N,3/5/2025,3,2,126,356,https://www.gaiagps.com/map/?loc=16.2/151.0407/-34.1689&pubLink=PCR9DAYYztiMElJIEHKGhGVA&trackId=a9b137a3-aa24-469c-9274-c37278e9e5b5,-,,0,F,,,M,L,Y,,sep - may,"9, 10, 11, 12, 1, 2, 3, 4, 5",Y,,50,N,,
Machaerina rubiginosa,1975,Cyperaceae,1975,,N,N,Y,https://biocache.ala.org.au/occurrences/27a19703-54a4-4968-84a0-bd892c36a615,NSW687542,"Tufted sedge 70-80 cm high with green stems and orange seeds. Common. Bola Creek on Stevens Drive, Royal National Park. ""In Banksia robur swamp with Baumea gunnii, Restio tetraphyllus ssp meiostachyus, R. complanatus, Hakea teretifolia, Viminaria juncea, Chorizandra cymbaria, etc.""",4,fertile,"-34.17041, 151.04321",N,3/5/2025,3,2,126,356,https://www.gaiagps.com/map/?loc=16.2/151.0407/-34.1689&pubLink=PCR9DAYYztiMElJIEHKGhGVA&trackId=a9b137a3-aa24-469c-9274-c37278e9e5b5,-,,0,F,,,M,L,Y,,sep - feb,"9, 10, 11, 12, 1, 2",N,,50,N,,
Eurychorda complanata,1975,Restionaceae,1975,,N,N,Y,https://biocache.ala.org.au/occurrences/f530832e-7329-4211-91de-878452dd09d3,NSW391896,"Bola Creek on Stevens Drive, Royal National Park. ""In Banksia robur swamp with Restio tetraphyllus subsp. meiostachyus, Baumea rubiginosa, B. gunnii, Chorizandra cymbaria, Viminaria juncea, Hakea teretifolia etc.""",4,fertile,"-34.17041, 151.04321",Y,3/5/2025,3,2,126,356,https://www.gaiagps.com/map/?loc=16.2/151.0407/-34.1689&pubLink=PCR9DAYYztiMElJIEHKGhGVA&trackId=a9b137a3-aa24-469c-9274-c37278e9e5b5,fertile,Y,1,,https://www.inaturalist.org/observations/263963166,"-34.169876, 151.043243",M,L,Y,,,,,,50,Y,64,0.015625
Cladium procerum,1975,Cyperaceae,1975,,N,N,Y,https://biocache.ala.org.au/occurrences/e62d554c-6b2a-4374-9eaf-28652b6ef956,NSW687641,"Perennial herb to 1 m high with brown spikelets. Common. Marley Lagoon, Royal National Park. ""At edge of lagoon with Eleocharis sphacelata, Baumea articulata, B. juncea, Juncus kraussii, etc.""",4,fertile,"-34.11200, 151.13908",Y,5/26/2025,5,2,128,1007,https://www.gaiagps.com/map/?loc=14.0/151.1333/-34.1136&pubLink=BDqOP9hCaLVzte1uNqNUHqFA&trackId=d15485ca-8db4-474e-bdd7-7c1ea3d1f904,"fruits (? - sterile, old fertile material left over)",Y,many,,https://www.inaturalist.org/observations/284229589 https://www.inaturalist.org/observations/284202061,"-34.11222, 151.14010",M,L,Y,,,,,,50,Y,64,0.7
Bacopa monnieri,1975,Plantaginaceae,1975,,N,N,Y,https://biocache.ala.org.au/occurrences/6f8f19e7-2587-4720-8804-12ea2e2ce10a,NSW693364,"Marley Lagoon, Royal National Park. ""Scattered in damp sandy soil."" Prostrate herb with white flowers.",4,"fertile, flowers","-34.11200, 151.13908",N,5/26/2025,5,2,128,1007,https://www.gaiagps.com/map/?loc=15.3/151.1322/-34.1117&pubLink=BDqOP9hCaLVzte1uNqNUHqFA&trackId=d15485ca-8db4-474e-bdd7-7c1ea3d1f904,-,,0,"R, N",-,-,M,A,N,Y,sep - feb,"9, 10, 11, 12, 1, 2",N,,50,Y,,
Alternanthera denticulata,1975,Amaranthaceae,1975,,N,Y,N,https://biocache.ala.org.au/occurrences/32a17df4-e9a7-499e-8f7c-0b8df184457c,NSW677051,"Audley, down stream from causeway, Royal National Park. ""In disturbed area where Casuarina glauca, Acacia irrorata, Cayratia clematidea, Physalis peruviana, Melaleuca styphelioides, Glochideon ferdinandi, Tropaeolum majus, etc. were growing.""",5,fertile,,,,,,,,,,,,,,,,,,,,,,,50,,,
Eclipta platyglossa,1975,Asteraceae,1975,,N,N,Y,https://biocache.ala.org.au/occurrences/242482a1-e4ab-41e7-9213-090b747f94d8,NSW587715,"Scattered. Weak herb with yellow flowers and leaves pale below. Burning Palms, Royal National Park. ""At edge of fresh water pool with Centipeda minima, colula longipes, Ranunculus, etc.""",4,"fertile, flowers","-34.18623, 151.04326",N,7/29/2025,7,3,54,800 (estimate),https://www.gaiagps.com/map/?loc=15.3/151.0427/-34.1862&pubLink=w7tpB2fLxWyUyUiB5FkKcZI3&trackId=a5288be3841ffeb539945e20a2f57c6c (for whole day),-,,0,"F, H, N",-,-,M,A,Y,,sep - apr,"9, 10, 11, 12, 1, 2, 3, 4",N,,50,N,,
Leptinella longipes,1975,Asteraceae,1975,,N,N,Y,https://biocache.ala.org.au/occurrences/466ea8c5-3f3d-43ec-a7c4-939b47dc8dfb,NSW514443,"Herb 5 cm high with cream flowers. Burning Palms, Royal National Park. ""At edge of fresh water pool with Centipeda minima, Ranunculus, etc. Juncus kraussii, J. vaginatus and J. homalocaulis also occurred nearby.""",4,flowers,"-34.18623, 151.04326",N,7/29/2025,7,3,,,https://www.gaiagps.com/map/?loc=15.3/151.0427/-34.1862&pubLink=w7tpB2fLxWyUyUiB5FkKcZI3&trackId=a5288be3841ffeb539945e20a2f57c6c (for whole day),-,,0,"H, N",-,-,M,A,Y,,sep - feb,"9, 10, 11, 12, 1, 2",N,,50,N,,
Ozothamnus adnatus,1975,Asteraceae,1975,,N,N,Y,https://biocache.ala.org.au/occurrences/8eedd797-e7dd-48f6-9135-9bf32ab5553c,NSW583753,"Palm Creek, S of Upper Causeway on Lady Wakehurst Drive, Royal National Park. ""1 plant on hillside above rainforest vegetation along creek with Trochocarpa laurina, Tristania laurina, etc.""",4,sterile,"-34.15767, 151.02142",N,6/10/2025,6,2,42,1040,https://www.gaiagps.com/map/?loc=16.6/151.0214/-34.1580&pubLink=c6pFENIlVc9caEHUVHrTwPjN&trackId=3b77adb1-95d1-4d31-bd5c-8a00a9cc1e87,-,,0,L,-,-,I,A,Y,,sep - feb,"9, 10, 11, 12, 1, 2",N,,50,N,,
Cyperus laevis,1975,Cyperaceae,1975,,N,N,Y,https://biocache.ala.org.au/occurrences/ef9500b7-e768-4741-8923-b78f7e4a2f0c,NSW645102,"Tufted sedge 30-40 cm high with green spikelets. Scattered. Upper Causeway, 3.5 km ESE of Waterfall, Royal National Park. ""In rainforest area with Gahnia melanocarpa, G. aspera, Cyperus tetraphyllus, etc.""",3,fertile,"-34.15252, 151.02870",Y,6/16/2025,6,4,101,1522,"https://www.gaiagps.com/map/?loc=17.1/151.0288/-34.1520&pubLink=F1MpfT7SFnmY2HT2VaNQ0TWC&trackId=af9714aa-a879-4c79-a384-e86918f66a1e (1), https://www.gaiagps.com/map/?loc=17.1/151.0288/-34.1520&pubLink=yyY8iZw49ILmXwVpq6BcdUHS&trackId=f2d5576c-fdf1-4a5a-a5de-e5dc16e77fc9 (2)",fertile,Y,1,,https://www.inaturalist.org/observations/290066354,"-34.15383, 151.02838",M,A,Y,,-,#N/A,#N/A,,50,N,64,0.015625
Cyperus mirus,1975,Cyperaceae,1975,,N,N,Y,https://biocache.ala.org.au/occurrences/7f78f064-5a12-408a-bab5-e2d6546ed413,NSW644678,"Tufted sedge 15-20 cm high with green spikelets. Upper Causeway [3.5 km ESE of Waterfall.], along Hacking River in the picnic area, Royal National Park. ""Scattered along river.""",3,fertile,"-34.15252, 151.02870",N,6/16/2025,6,4,101,1522,"https://www.gaiagps.com/map/?loc=17.1/151.0288/-34.1520&pubLink=F1MpfT7SFnmY2HT2VaNQ0TWC&trackId=af9714aa-a879-4c79-a384-e86918f66a1e (1), https://www.gaiagps.com/map/?loc=17.1/151.0288/-34.1520&pubLink=yyY8iZw49ILmXwVpq6BcdUHS&trackId=f2d5576c-fdf1-4a5a-a5de-e5dc16e77fc9 (2)",-,,0,F,-,-,M,L,N,,sep - feb,"9, 10, 11, 12, 1, 2",N,,50,N,,
Cyperus polystachyos,1975,Cyperaceae,1975,,N,Y,N,https://biocache.ala.org.au/occurrences/7fb968f4-edd6-443b-99a5-332cc5a32cc1,NSW649007,"Waterfall, Royal National Park. ""In grassy area in disturbed sites with Juncus vaginatus, J. sp. D, J. capillaceus, etc.""",3,fertile,,,,,,,,,,,,,,,,,,,,,,,50,,,
Cyperus sanguinolentus,1975,Cyperaceae,1975,S,N,Y,N,https://biocache.ala.org.au/occurrences/505dadac-7e28-495d-97fb-bd3f546b7cf1,NSW649830,"Tufted sedge 20-25 cm high. Spikelets green with black marking. Stevens Drive, 6 km ESE of Waterfall, Royal National Park.  ""Scattered along roadside verges with Juncus articulatus, J. cognatus, J. prismatocarpus, J. sp. 'D'.""",3,fertile,,,,,,,,,,,,,,,,,,,,,,,50,,,
Cyperus sphaeroideus,1975,Cyperaceae,1975,S,N,Y,N,https://biocache.ala.org.au/occurrences/8a280bf2-8846-43ea-a83c-294b4bb8441e,NSW649906,"Perennial herb 20-25 cm high with creeping rhizome and golden yellow spikelets. Common. below Governor Game Lookout, Royal National Park. ""In swampy area below rainforest.""",4,fertile,,,,,,,,,,,,,,,,,,,,,,,50,,,
Eleocharis gracilis,1975,Cyperaceae,1975,,N,Y,N,https://biocache.ala.org.au/occurrences/7ba82c3d-8167-4bfb-8bbe-ff0b31fe917b,NSW655454,"Audley, along Hacking River upstream from Causeway, Royal National Park. ""In bog with Scirpus prolifer, Carex fascicularis, Juncus usitatus, J. effucus, J. sp. 'D', etc.""",5,fertile,,,,,,,,,,,,,,,,,,,,,,,50,,,
Fimbristylis ferruginea,1975,Cyperaceae,1975,S,N,Y,N,https://biocache.ala.org.au/occurrences/25e1e8f2-29bf-4f86-9f95-e34baf2b12a7,NSW656184,"Between Bundeena and The Basin, Royal National Park. ""In saline area with Juncus krausii, Scirpus nodosus, etc.""",8,fertile,,,,,,,,,,,,,,,,,,,,,,,50,,,
Gahnia microstachya,1975,Cyperaceae,1975,S,N,Y,N,https://biocache.ala.org.au/occurrences/99fb2030-bad4-4a4d-8d3e-dba3932b71f1,NSW636602,"Audley (on track to Waterfall upstream from causeway), Royal National Park. ""On sheltered sandstone hillside above river in dry sclerophyll forest with Angophora costata, Alphitonia excelsa, Eucalyptus piperita, Banksia serrata, Doryanthes excelsa, etc",5,fertile,,,,,,,,,,,,,,,,,,,,,,,50,,,
Gymnoschoenus sphaerocephalus,1975,Cyperaceae,1975,,N,N,Y,https://biocache.ala.org.au/occurrences/6c513b7b-14da-4e5c-b737-114c0d6e09e5#occurrenceDataset,NSW635842,"Tufted sedge to 1.5 m high, common. Curra Moors track, Royal National Park. ""In swamp with Lepidosperma forsythii, Hibbertia salicifolia, Lepyrodia scariosa, L. gracilis, Empodisma minus, Banksia robur, Restio complanatus, etc.""",5,fertile,"-34.15874, 151.07459",Y,7/27/2025,7,3,15,194,https://www.gaiagps.com/map/?loc=17.2/151.0757/-34.1572&pubLink=aid2HMnTrtzsDkPA8yMbmzTh&trackId=99db90bef43e4b75c466a4c3db44adf2,fertile,Y,2,,https://www.inaturalist.org/observations/301454995,"-34.15717, 151.07636",I,L,Y,,oct - mar,"10, 11, 12, 1, 2, 3",N,,50,N,64,0.03125
Machaerina nuda,1975,Cyperaceae,1975,,N,N,Y,https://biocache.ala.org.au/occurrences/be13a352-9a04-4cf3-bb14-770d6cee47c1,NSW687572,"Tufted sedge 30-40 cm high with brown spiklets. Scattered. Engadine Falls, Royal National Park. ""On damp rocks by waterfall with Lycopodium laterale, Epacris crassifolia, Blechnum ambiguum, Drosera binata, etc.""",4,fertile,"-34.06246, 151.02938",N,8/11/2025,8,2,30,,,fertile,,1,"F, A",https://www.inaturalist.org/observations/305479520,"-34.06241, 151.02883",I,A,Y,,sep - may,"9, 10, 11, 12, 1, 2, 3, 4, 5",N,,50,N,,
Rhynchospora brownii,1975,Cyperaceae,1975,S,N,Y,N,https://biocache.ala.org.au/occurrences/6b824566-1c79-4ebd-ac0c-ae4ba51daa78,NSW277620,"Tufted sedge to 1 m high with brown spikelets. Very localised. Between Bundeena and The Basin, Royal National Park. ""Along sandstone creek with Chorizandra cymbaria, Schoenus melanostachys, Gahnia clarkei, Leptospermum flavescens, Kunzea ambigua, Acacia irrorata, etc.""",8,"flowers, fruits",,,,,,,,,,,,,,,,,,,,,,,50,,,
Schoenoplectiella mucronata,1975,Cyperaceae,1975,,N,Y,N,https://biocache.ala.org.au/occurrences/cc7d1c6b-738b-4148-8fee-63c3dc769946,NSW505681,"Audley (along Hacking River upstream from causeway), Royal National Park. ""In bog with Cyperus eragrostis, Polygonum hydropiper, Juncus usitatus, etc.""",5,fertile,,,,,,,,,,,,,,,,,,,,,,,50,,,
Acacia schinoides,1975,Fabaceae,1975,,N,Y,N,https://biocache.ala.org.au/occurrences/f1ffe462-da1a-4ebd-94aa-da20d72ca9a1,CANB 949947.1,"Royal National Park. ""Located in sheltered aspect on creek line.""",2,fruits,,,,,,,,,,,,,,,,,,,,,,,50,,,
Dillwynia glaberrima,1975,Fabaceae,1975,,N,Y,N,https://biocache.ala.org.au/occurrences/5b81feea-fed0-4b1a-84b0-9f843fe79672,CANB 949945.1,"Royal National Park. ""Coastal heath on sandstone.""",1,flowers,,,,,,,,,,,,,,,,,,,,,,,50,,,
Sticherus lobatus,1975,Gleicheniaceae,1975,,N,N,Y,https://biocache.ala.org.au/occurrences/63fda3e7-6171-4223-96f7-ea2acec1017a,NSW457655,"Common terrestrial fern 30-40 cm high with creeping rhizome. Curra Moors Track, on Middle Rill, Royal National Park. ""Along creek below waterfall in wet sclerophyll forest with Ceratopetalum apetalum, Livistona australis, Sticherus flabellatus, Calochlaena dubia (Culcita dubia), etc.""",5,fertile,"-34.15923, 151.06497",Y,7/27/2025,7,1,39,378,https://www.gaiagps.com/map/?loc=16.2/151.0648/-34.1601&pubLink=wzebqvAfXD1dsGNvX7CEoTmd&trackId=68ace46d64f2494bd3d222cf6d17cdd4,sterile,N,many,,https://www.inaturalist.org/observations/301458890,"-34.15949, 151.06491",I,L,Y,,nov - feb,"11, 12, 1, 2",N,,50,N,64,0.7
Juncus continuus,1975,Juncaceae,1975,,N,N,Y,https://biocache.ala.org.au/occurrences/04ff7432-3bfc-4293-8202-b2e6cdb194dc,NSW257731,"Upper Causeway, 3.5 km east-southeast of Waterfall, Royal National Park. ""Along the Hacking River."" Tufted rush 30-40 cm high with green stems. Scattered.",3,flowers,"-34.15252, 151.02870",N,6/16/2025,6,4,101,1522,"https://www.gaiagps.com/map/?loc=17.1/151.0288/-34.1520&pubLink=F1MpfT7SFnmY2HT2VaNQ0TWC&trackId=af9714aa-a879-4c79-a384-e86918f66a1e (1), https://www.gaiagps.com/map/?loc=17.1/151.0288/-34.1520&pubLink=yyY8iZw49ILmXwVpq6BcdUHS&trackId=f2d5576c-fdf1-4a5a-a5de-e5dc16e77fc9 (2)",-,,0,F,-,-,M,L,N,,jan - dec,"1, 2, 3, 4, 5, 6, 7, 8, 9, 10, 11, 12",Y,,50,Y,,
Juncus homalocaulis,1975,Juncaceae,1975,,N,N,Y,https://biocache.ala.org.au/occurrences/517ff773-1ff9-4c8c-896d-18fd3ecd235b,NSW243138,"Upper Causeway, 3.5 km east-southeast of Waterfall, Royal National Park. Tufted sedge 15-20 cm high with light brown spikelets. Scattered.",3,flowers,"-34.15252, 151.02870",N,6/16/2025,6,4,101,1522,"https://www.gaiagps.com/map/?loc=17.1/151.0288/-34.1520&pubLink=F1MpfT7SFnmY2HT2VaNQ0TWC&trackId=af9714aa-a879-4c79-a384-e86918f66a1e (1), https://www.gaiagps.com/map/?loc=17.1/151.0288/-34.1520&pubLink=yyY8iZw49ILmXwVpq6BcdUHS&trackId=f2d5576c-fdf1-4a5a-a5de-e5dc16e77fc9 (2)",-,,0,F,-,-,M,A,N,,sep - nov,"9, 10, 11",N,,50,Y,,
Juncus pallidus,1975,Juncaceae,1975,,N,N,Y,https://biocache.ala.org.au/occurrences/7b6aeda3-6ecc-44d4-9400-3c0f984881b9,NSW252704,"Artillery Hill, near Sydney, Royal National Park. ""In disturbed sandstone area."" Tufted rush to 1m high with green culms, continuous pith and brown towards culm bases; a solitary plant.",6,flowers,"-34.07970, 151.06054",N,6/9/2025,6,2,59,2140,https://www.gaiagps.com/map/?loc=16.1/151.0579/-34.0801&pubLink=dZ8SzmoBDHa9rg7X2Jw8F4zc&trackId=b734e24e-887a-4ec5-bf8a-ef15773cc919,-,,0,H,-,-,I,A,N,,sep - feb,"9, 10, 11, 12, 1, 2",N,,50,N,,
Juncus prismatocarpus,1975,Juncaceae,1975,S,N,Y,N,https://biocache.ala.org.au/occurrences/d88e586f-dae8-4f3f-bd78-9b9b71f94da6,"NSW241498
","Stevens Drive, 6 km ESE of Waterfall, Royal National Park. ""Scattered along roadside verges with Juncus cognatus, J. sp ""D"" & J. articulatus.""",3,flowers,,,,,,,,,,,,,,,,,,,,,,,50,,,
Juncus remotiflorus,1975,Juncaceae,1975,T,N,Y,N,https://biocache.ala.org.au/occurrences/5fb0c125-096f-4ab2-9895-06e5b886d013,NSW260940,"On track between Engadine railway station and Engadine Falls, Royal National Park. ""In sandy soil."" Perennial herb 15-25 cm high. With green stems and creeping rhizome. 1 plant only.",4,flowers,,,,,,,,,,,,,,,,,,,,,,,50,,,
Juncus subsecundus,1975,Juncaceae,1975,S,N,Y,N,https://biocache.ala.org.au/occurrences/d9253eb9-0bd7-4d01-acd2-91b86a1896be,NSW274664,"Waterfall, Royal National Park. ""In damp depression with Juncus usitatus.""",3,flowers,,,,,,,,,,,,,,,,,,,,,,,50,,,
Juncus usitatus,1975,Juncaceae,1975,,N,N,Y,https://biocache.ala.org.au/occurrences/b69f0ce1-6aaa-40c2-abef-0067ca5ceeeb,NSW258104,"Stevens Drive at Bola Creek, Royal National Park. ""Scattered at edge of swamp with Juncus vaginatus, J. sp 'D' , Baumea rubiginosa etc.""",4,flowers,"-34.17041, 151.04321",N,8/18/2025,8,2,24,436,https://www.gaiagps.com/map/?loc=18.9/151.0438/-34.1703&pubLink=FvRR7uZI6fw9MHWehERxDxQd&trackId=3ea3292cfb0e6071f6e3973a9849cbdd,-,,0,"F, I, H",,,I,L,Y,,sep - feb,"9, 10, 11, 12, 1, 2",N,,50,Y,,
Commersonia dasyphylla,1975,Malvaceae,1975,S,N,Y,N,https://biocache.ala.org.au/occurrences/e75791ec-fe38-461f-8bf2-6b0d269f55c7,NSW632788,"Between Governor Game Lookout and Garie Beach, Royal National Park. ""At edge of wet sclerophyll forest on sandstone with Angophora costata, Eucalyptus botryoides, Acacia longifolia, Eleaocarpus reticulatus, etc."" Shrub to 50 cm high with leaves paler below. Scarce.",12,fruits,,,,,,,,,,,,,,,,,,,,,,,50,,,
Plinthanthesis paradoxa,1975,Poaceae,1975,T,N,Y,N,https://biocache.ala.org.au/occurrences/04fde0eb-15d4-428d-894b-5969d6bff8da,NSW317848,"On road to Burning Palms track, Royal National Park. ""In swampy area on sandstone with Empodisma minus, Lepyrodia scariosa, Stipa, Danthonia, Eragrostis, etc."" Common. Tufted grass 50-60 cm high.",12,fertile,,,,,,,,,,,,,,,,,,,,,,,50,,,
Stolonochloa pygmaea,1975,Poaceae,1975,S,N,Y,N,https://biocache.ala.org.au/occurrences/b5f0dd43-3ca1-4a94-9e65-15755693332b,NSW529283,"Below Governor Game Lookout, Royal National Park. ""At edge of rainforest.""",4,fertile,,,,,,,,,,,,,,,,,,,,,,,50,,,
Persicaria hydropiper,1975,Polygonaceae,1975,,N,N,Y,https://biocache.ala.org.au/occurrences/4cd691ce-b5d1-45e1-9d93-d0f1e066aec0,NSW666738,"Upper Causeway (3.5 km ESE of Waterfall), Royal National Park. ""Along Hacking River in sandy soil.""",3,fertile,"-34.15252, 151.02870",Y,6/16/2025,6,4,101,1522,"https://www.gaiagps.com/map/?loc=17.1/151.0288/-34.1520&pubLink=F1MpfT7SFnmY2HT2VaNQ0TWC&trackId=af9714aa-a879-4c79-a384-e86918f66a1e (1), https://www.gaiagps.com/map/?loc=17.1/151.0288/-34.1520&pubLink=yyY8iZw49ILmXwVpq6BcdUHS&trackId=f2d5576c-fdf1-4a5a-a5de-e5dc16e77fc9 (2)",sterile,N,8,,https://www.inaturalist.org/observations/290089601 https://www.inaturalist.org/observations/290065429,"-34.15301, 151.02865",M,A,N,,sep - feb,"9, 10, 11, 12, 1, 2",N,,50,Y,64,0.125
Persicaria strigosa,1975,Polygonaceae,1975,,N,N,Y,https://biocache.ala.org.au/occurrences/3f96073b-44b2-4ccc-b10f-5654c90cfe96,NSW667703,"Upper Causeway, 3.5 km ESE of Waterfall, Royal National Park.
""Along the banks of the Hacking River.""",3,fertile,"-34.15252, 151.02870",N,6/16/2025,6,4,101,1522,"https://www.gaiagps.com/map/?loc=17.1/151.0288/-34.1520&pubLink=F1MpfT7SFnmY2HT2VaNQ0TWC&trackId=af9714aa-a879-4c79-a384-e86918f66a1e (1), https://www.gaiagps.com/map/?loc=17.1/151.0288/-34.1520&pubLink=yyY8iZw49ILmXwVpq6BcdUHS&trackId=f2d5576c-fdf1-4a5a-a5de-e5dc16e77fc9 (2)",-,,0,F,-,-,M,L,N,,sep - feb,"9, 10, 11, 12, 1, 2",N,,50,Y,,
Grevillea capitellata,1975,Proteaceae,1984,,Y,Y,N,https://biocache.ala.org.au/occurrences/82842b3d-c092-4e99-a929-3b48775c627e,WOLL2062,Upper Frews Valley Royal National Park,10,flowers,,,,,,,,,,,,,,,,,,,,,,,50,,,
Lepyrodia anarthria,1975,Restionaceae,1975,,N,N,Y,https://biocache.ala.org.au/occurrences/49d303c8-2960-4830-ae4e-4317042fd245,NSW414802,"Uloola Swamp, Royal National Park. ""With Banksia robur, Hakea teretifolia, Lepidosperma longitudinale, Sprengelia incarnata, Gleichenia dicarpa, Tetraria capillaris, Leptocarpus, etc."" Perrennial sedge 30-40 cm high. Common.",4,fertile,"-34.12438, 151.02415",F,7/22/2025,7,,,,,,,,,,,M,A,Y,,,,,,50,,,
Ophioglossum lusitanicum,1976,Ophioglossaceae,1976,,N,N,Y,https://biocache.ala.org.au/occurrences/9f7caf83-fd2e-4b4f-9660-69286fa52373,NSW436107,"Costens Point, Royal National Park. ""Among grass with Cheilanthes tenuifolia, C. distans and Pellaea falcata occurring nearby among rocks.""         Tufted herb to 5 cm high. Scarce.",5,fertile,"-34.07821, 151.11163",N,5/21/2025,5,2,30,223,https://www.gaiagps.com/map/?loc=15.3/151.1160/-34.0807&pubLink=o1RL8oKjZFzvvXwfgpxqcret&trackId=d456d214-fa9e-439a-bd9d-53a4d58fee6c,-,,0,"R, H",-,-,I,A,Y,Y,sep - feb,"9, 10, 11, 12, 1, 2",N,,49,N,,
Sphaeropteris australis,1976,Cyatheaceae,1976,,N,N,Y,https://biocache.ala.org.au/occurrences/bd8a0cc2-e6c7-4da8-b848-1ae31b7850a8,NSW382287,"Palm Creek, [Sydney], Royal National Park. ""In rainforesst below Doryphora, Schizomeria, Acmena, Ceratopetalum apetalum, Livistona with Cyathea australis, Blechnum cartilagineum, Microsorium scandens, Arthropteris tenella, Lastreopsis microsora, etc. 

Scarce. Tree fern with trunk to 80 cm, fronds up to 2 m long (stipe 70-75 cm long) very prickly and narrow whitish scales towards base of stipe, leaves dark green above and paler below, rhachis dark brown.",5,fertile,"-34.15767, 151.02142",Y,6/10/2025,6,2,34,520,https://www.gaiagps.com/map/?loc=16.6/151.0214/-34.1580&pubLink=eK6Ez5htFW5mznI0TriRcX1A&trackId=4babcb8f-2665-4645-a832-e641abf5d193,sterile,N,2,,https://www.inaturalist.org/observations/288433976,"-34.15946, 151.02314",I,L,Y,,-,#N/A,#N/A,,49,N,64,0.03125
Machaerina arthrophylla,1976,Cyperaceae,1976,,N,N,Y,https://biocache.ala.org.au/occurrences/65a89699-3c7b-48c6-ba6f-750a43f149a4,NSW687773,"Jibbon Lagoon, Royal National Park. ""Occasional in shallow water at edge of lagoon with Leptocarpus tenax, Baumea articulata, B. teretifolia, etc.""",7,fertile,"-34.08252, 151.16433",N,7/21/2025,7,3,171,2010,"https://www.gaiagps.com/map/?loc=16.2/151.1705/-34.0824&pubLink=7cen7Ey4EVtXAt6jATBpkyVe&trackId=92760288-016e-4891-ad44-ab7c1da0c737, https://www.gaiagps.com/map/?loc=16.2/151.1705/-34.0824&pubLink=ZjZkVshlW584sd3xzcb55ZNx&trackId=c44338c2-2d2a-4919-9046-08ae3f31cf81",-,,0,F,,,M,L,Y,,sep - feb,"9, 10, 11, 12, 1, 2",N,,49,N,,
Pultenaea dentata,1976,Fabaceae,1976,,N,N,Y,https://biocache.ala.org.au/occurrences/807f9603-4071-4a94-83d5-5afe8461595c,NSW585597,"Jibbon Lagoon, near Bundeena, Royal National Park. ""In wet heath at edge of lagoon with Pultenaea paludosa, Leptocarpus tenax, Schoenus brevifolius, S. apogon, etc."" Erect shrub 1 m high, scarce.",6,buds,"-34.08252, 151.16433",N,7/21/2025,7,3,171,2010,"https://www.gaiagps.com/map/?loc=16.2/151.1705/-34.0824&pubLink=7cen7Ey4EVtXAt6jATBpkyVe&trackId=92760288-016e-4891-ad44-ab7c1da0c737, https://www.gaiagps.com/map/?loc=16.2/151.1705/-34.0824&pubLink=ZjZkVshlW584sd3xzcb55ZNx&trackId=c44338c2-2d2a-4919-9046-08ae3f31cf81",-,,0,,,,M,L,Y,,sep - feb,"9, 10, 11, 12, 1, 2",N,,49,N,,
Cyrtostylis reniformis,1976,Orchidaceae,1976,S,N,Y,N,https://biocache.ala.org.au/occurrences/98be2686-d758-43aa-be53-abe58dabf8fd,NSW218888,"Warumbul, Royal National Park. ""Beneath Kunzea ambigua, Pterostylis longifolia, P. grandiflora, P. nutans, P. concinna and Acianthus fornicatus also occurred. On mossy sandstone rocks.""

Occasional. Terrestrial orchid 5-10cm high. Basal leaf present at time of flowering (green above and paler below), column exserted, labellum dark pink-purple and other perianth segments green with light purple markings. Flowers in 70% alcohol. Seen for Flora of Australia, D.L. Janes, Mar 1983.",6,flowers,,,,,,,,,,,,,,,,,,,,,,,49,,,
Sacciolepis indica,1976,Poaceae,1976,,N,N,Y,https://biocache.ala.org.au/occurrences/4a3a8bc1-ad76-495b-a535-db82f132c19d,NSW542814,"Gibbon Lagoon, near Bundeena, Royal National Park. ""On margin of lagoon in wet heath with Leptocarpus tenax, Drosera spathulata, Leptospermum juniperinum, Pultenaea paludosa, P. dentata, etc.""

Erect grass, scarce.",6,fertile,"-34.08252, 151.16433",N,7/21/2025,7,3,171,2010,"https://www.gaiagps.com/map/?loc=16.2/151.1705/-34.0824&pubLink=7cen7Ey4EVtXAt6jATBpkyVe&trackId=92760288-016e-4891-ad44-ab7c1da0c737, https://www.gaiagps.com/map/?loc=16.2/151.1705/-34.0824&pubLink=ZjZkVshlW584sd3xzcb55ZNx&trackId=c44338c2-2d2a-4919-9046-08ae3f31cf81",,,,F,,,M,L,Y,,-,#N/A,#N/A,,49,N,,
Zostera capricorni,1976,Zosteraceae,1976,S,N,Y,N,https://biocache.ala.org.au/occurrences/1c7d6a89-9065-4058-991f-48b6a06c7d30,PERTH 3871436,"South West Arm, Port Hacking. ""Subtidal 1 m to 10 cm. Organic mud."" Sparsely flowering.",11,flowering,,,,,,,,,,,,,,,,,,,,,,,49,,,
Aneilema biflorum,1977,Commelinaceae,1977,I,N,Y,N,https://biocache.ala.org.au/occurrences/7f25bd67-3494-415a-878a-7c6c1409d996,NSW687503,"Bola Creek, 12.5 km SSW of Sutherland, Royal National Park. ""Scattered on margin of rainforest beneath ferns, trees, brambles, etc.""

Weak scrambling herb with white flowers",2,fertile,,,,,,,,,,,,,,,,,,,,,,,48,,,
Pollia crispata,1977,Commelinaceae,1977,O,N,Y,N,https://biocache.ala.org.au/occurrences/bf4da062-0a32-4a8e-b5b5-b18f69b1ea09,NSW687226,"Otford. ""Common along creek in rainforest with Cryptocarya glaucescens, Polyosma cuninghamii, Pennantia cunninghamii, etc.""",7,sterile,,,,,,,,,,,,,,,,,,,,,,,48,,,
Carex brunnea,1977,Cyperaceae,1977,,N,Y,N,https://biocache.ala.org.au/occurrences/6d862e3a-532e-4716-91b6-3843fc3ab244,NSW657430,"Bola Creek, 12.5 km SSW of Sutherland, Royal National Park. ""Common in rainforest with Gahnia clarkei, G. melanocarpa, G. aspera, etc.""",2,fertile,,,,,,,,,,,,,,,,,,,,,,,48,,,
Cyperus imbecillis,1977,Cyperaceae,1975,,N,N,Y,https://biocache.ala.org.au/occurrences/d3f07fd2-ae29-4ce9-a38d-2bf08c44bacb,NSW645045,"Upper Causeway, 3.5 km ESE of Waterfall, Royal National Park. ""In rainforest area with Gahnia melanocarpa, G. aspera, Cyperus tetraphyllus, etc."" Tufted sedge 30-40 cm high with green spikelets. Scattered.",3,fertile,"-34.15252, 151.02870",N,6/16/2025,6,4,101,1522,"https://www.gaiagps.com/map/?loc=17.1/151.0288/-34.1520&pubLink=F1MpfT7SFnmY2HT2VaNQ0TWC&trackId=af9714aa-a879-4c79-a384-e86918f66a1e (1), https://www.gaiagps.com/map/?loc=17.1/151.0288/-34.1520&pubLink=yyY8iZw49ILmXwVpq6BcdUHS&trackId=f2d5576c-fdf1-4a5a-a5de-e5dc16e77fc9 (2)",-,,0,F,,,M,A,Y,,-,#N/A,#N/A,,48,N,,
Cyperus trinervis,1977,Cyperaceae,1977,,N,Y,N,https://biocache.ala.org.au/occurrences/f84b3989-6757-429b-a776-9534670e76bf,NSW645181,"Bola Creek, 12.5 km SSW of Sutherland, Royal National Park. ""Coarse sandy soil along creek in rainforest with Juncus planifolius, J. prismatocarpus, J. usitatus, etc.""",2,fertile,,,,,,,,,,,,,,,,,,,,,,,48,,,
Lepidosperma urophorum,1977,Cyperaceae,1977,,N,N,Y,https://biocache.ala.org.au/occurrences/5c15766c-ece9-4b27-8657-c1c673f46d88,NSW541374,"Palm Creek, 3.5 km SE of Waterfall, Royal National Park. ""Scattered in rainforest near margin.

Tufted sedge to 1 m high with grey-green spikelets.",4,fertile,"-34.15767, 151.02142",N,6/10/2025,6,2,34,870,https://www.gaiagps.com/map/?loc=18.0/151.0213/-34.1571&pubLink=lTXW7vNTUSpJqsLfousmPqM4&trackId=f28814b2-6877-4d09-80a7-9ca0edf7c0c0,-,,0,"L, F",-,-,I,A,N,,sep - feb,"9, 10, 11, 12, 1, 2",N,,48,N,,
Parapolystichum microsorum,1977,Dryopteridaceae,1952,,N,Y,N,https://biocache.ala.org.au/occurrences/9f38123b-c2b8-403c-8265-14727406c098,NSW633446,"Bola Creek, National Park. ""In rainforest in stands under trees."" 

Not a Type. Isolectotype in L.",10,sterile,,,,,,,,,,,,,,,,,,,,,,,48,,,
Posidonia australis,1977,Posidoniaceae,1977,,N,Y,N,https://biocache.ala.org.au/occurrences/0438065e-2767-4139-8116-91bb9cb0d3c5,PERTH 3868338,"South West Arm, Port Hacking",9,,,,,,,,,,,,,,,,,,,,,,,,48,,,
Banksia paludosa,1977,Proteaceae,1977,,N,Y,N,https://biocache.ala.org.au/occurrences/af93ce48-e907-4a21-8361-56e1b971f549,NSW210758,"Princes Highway, near Waterfall. ""Chiefly on wet heathland. Soils derived from sandstone.""",3,flowers,,,,,,,,,,,,,,,,,,,,,,,48,,,
Grevillea parviflora,1977,Proteaceae,1977,,Y,Y,N,https://biocache.ala.org.au/occurrences/73e38f26-baf3-498f-b816-40e89c85ce97,NSW665051,"Waterfall area. ""Yellowstone rock, 20 minutes walk from road along banks of creek in heathland.",10,flowers,,,,,,,,,,,,,,,,,,,,,,,48,,,
Symplocos thwaitesii,1977,Symplocaceae,1977,I,N,Y,N,https://biocache.ala.org.au/occurrences/9340e75a-a11c-4f52-929f-665af40fab7c,NSW436089,"Bola Creek, (12.5 km SSW of Sutherland), Royal National Park. ""In rainforest with Doryphora sassafras, Guoia semiglauca, Cryptocarya glaucescens, Ceratopetalum apetalum, etc.""",2,sterile,,,,,,,,,,,,,,,,,,,,,,,48,,,
Chenopodium trigonon,1978,Amaranthaceae,1978,,N,N,Y,https://biocache.ala.org.au/occurrences/8d752036-8aa0-473b-9a53-10ba5603a197,NSW343388,"Werong Beach track, Royal National Park. ""Scattered along track in wet sclerophyll forest.""",4,fertile,"-34.20580, 151.01535",N,8/4/2025,8,4,139,1720,https://www.gaiagps.com/map/?loc=16.1/151.0222/-34.2032&pubLink=BPprJ9tr9vwGoKUvBDFEfjn3&trackId=4338a21e1379349ae4c389b31538bcd9,-,,0,F,,,M,L,N,,-,#N/A,#N/A,,47,Y,,
Typhonium eliosurum,1978,Araceae,1978,,N,N,Y,https://biocache.ala.org.au/occurrences/805ea7bc-14ef-416c-9676-655bf74693e3,NSW598694,"Werong Beach, Royal National Park. ""Scarce at edge of rainforest behind beach with Elaeodendron australe, Banksia integrifolia, Acmena smithii, etc.""

Erect herb 25-35 cm high.",3,sterile,"-34.20414, 151.02001",Y,8/4/2025,8,4,125,1890,https://www.gaiagps.com/map/?loc=16.1/151.0222/-34.2032&pubLink=kkVVBnoH3tWOdZhyuaFSGUpR&trackId=3a49315477c07f818e4c81d7c9fb6c6e,sterile,N,12,,https://www.inaturalist.org/observations/303695655,"-34.20343, 151.02011",M,A,Y,,sep - nov,"9, 10, 11",N,,47,Y,64,0.1875
Lomandra fluviatilis,1978,Asparagaceae,1978,,N,Y,N,https://biocache.ala.org.au/occurrences/f58d405b-2add-4cc5-aacd-5b4ec95040b5,NSW386984,"Kangaroo Creek track, near Waterfall, Royal National Park. ""In bed of rocky creek with Tristania neriifolia, Phebalium sp., Baeckea linifolia, Baurea rubioides, etc.""",11,female,,,,,,,,,,,,,,,,,,,,,,,47,,,
Lomandra gracilis,1978,Asparagaceae,1978,,N,Y,N,https://biocache.ala.org.au/occurrences/76098622-22f4-4fd1-b436-8768a650e9a8,NSW598005,"Audley, Royal National Park. ""Scattered on sandstone hillside in dry sclerophyll forest with Eucalyptus gummifera, Angophora costata, Banksia serrata, Hakea dactyloides, etc.""",11,,,,,,,,,,,,,,,,,,,,,,,,47,,,
Carex declinata,1978,Cyperaceae,1978,,N,N,Y,https://biocache.ala.org.au/occurrences/27f150db-9c03-4c38-b378-9bcff8773a00,NSW213675,"Werong Beach track, Royal National Park. ""Scattered in wet sclerophyll forest beneath Eucalyptus botryoides with Cyperus laevis, C. imbecillis, etc.""

Perennial sedge 20-30 cm high. With light brown spikelets.",3,fruits,"-34.20580, 151.01535",N,8/4/2025,8,4,139,1720,https://www.gaiagps.com/map/?loc=16.1/151.0222/-34.2032&pubLink=BPprJ9tr9vwGoKUvBDFEfjn3&trackId=4338a21e1379349ae4c389b31538bcd9,fertile,,24,F,https://www.inaturalist.org/observations/303670217,"-34.20348, 151.01881",M,L,Y,,dec - feb,"12, 1, 2",N,,47,N,,
Cyperus cyperoides,1978,Cyperaceae,1978,,N,N,Y,https://biocache.ala.org.au/occurrences/93e745fc-da42-491f-baeb-afb231188c94,NSW649757,"Werong Beach track, Royal National Park. ""Scattered along track in wet sclerophyll forest beneath Eucalyptus botryoide. Cyperus laevis and C. imbecillis occurred nearby.""

Tufted sedge 20-30 cm high with green spikelets",3,fertile,"-34.20580, 151.01535",N,8/4/2025,8,4,139,1720,https://www.gaiagps.com/map/?loc=16.1/151.0222/-34.2032&pubLink=BPprJ9tr9vwGoKUvBDFEfjn3&trackId=4338a21e1379349ae4c389b31538bcd9,-,,0,"F, N",,,M,L,Y,Y,sep - feb,"9, 10, 11, 12, 1, 2",N,,47,N,,
Cyperus gracilis,1978,Cyperaceae,1978,,N,N,Y,https://biocache.ala.org.au/occurrences/92bd3d72-8545-4aab-b424-5691602a720f,NSW645142,"Werong Beach track, Royal National Park. ""Scattered in wet sclerophyll forest beneath Eucalyptus botryoides, E. pilularis, etc. with Cyperus laevis also occurring.""

Tufted sedge 10-15 cm high with green spikelets.",4,fertile,"-34.20580, 151.01535",N,8/4/2025,8,4,139,1720,https://www.gaiagps.com/map/?loc=16.1/151.0222/-34.2032&pubLink=BPprJ9tr9vwGoKUvBDFEfjn3&trackId=4338a21e1379349ae4c389b31538bcd9,fertile,,0,F,https://www.inaturalist.org/observations/303670219,"-34.20354, 151.01942",M,L,Y,,sep - feb,"9, 10, 11, 12, 1, 2",N,,47,Y,,
Netrostylis capillaris,1978,Cyperaceae,1978,,N,N,Y,https://biocache.ala.org.au/occurrences/0b58bb5d-bd9e-4b73-93bf-b537f296b9a2,NSW636315,"Uloola Swamp, NE of Waterfall, Royal National Park. ""Open Banksia robur swamp. Heath about 1 m high.""",2,fertile,"-34.12438, 151.02415",F,7/22/2025,7,,,,,,,,,,,M,A,Y,,,,,,47,,,
Amylotheca dictyophleba,1978,Loranthaceae,1978,,N,N,Y,https://biocache.ala.org.au/occurrences/280913b2-7fce-4e5b-af3c-e81571d4c141,NSW625256,"behind Werong Beach, Royal National Park. ""Parasitic on Diospyros australis in forest.""",3,sterile,"-34.20414, 151.02001",N,8/4/2025,8,4,125,1890,https://www.gaiagps.com/map/?loc=16.1/151.0222/-34.2032&pubLink=kkVVBnoH3tWOdZhyuaFSGUpR&trackId=3a49315477c07f818e4c81d7c9fb6c6e,-,,0,"R, F",,,M,A,Y,Y,-,#N/A,#N/A,,47,Y,,
Legnephora moorei,1978,Menispermaceae,1978,S,N,Y,N,https://biocache.ala.org.au/occurrences/d902954d-971a-41a4-9856-5c2eec8efba3,NSW214964,"North of Burning Palms, Royal National Park. ""In rainforest.""

Scattered. Vigorous twiner. Leaves greyish below and green above.",4,sterile,,,,,,,,,,,,,,,,,,,,,,,47,,,
Ceodes umbellifera,1978,Nyctaginaceae,1978,I,N,N,Y,https://biocache.ala.org.au/occurrences/f06d41bf-aeba-47cf-8cd0-16b22e4af0e4,NSW432381,"Palm Jungle, Royal National Park. ""Rainforest with Diosypros australis, Elaeodendron australe, Polyscias elegans, etc."" 

Locally common. Small brittle tree 4-6 m high.",4,"flowers, fruits","-34.19610, 151.03153",Y,7/28/2025,7,3,102,1410,https://www.gaiagps.com/map/?loc=14.7/151.0415/-34.1945&pubLink=SCz8FNHmyosTq99EISIubzaW&trackId=899ae105576e5fdb41c188ff21886760,sterile,N,1,,https://www.inaturalist.org/observations/301797719,"-34.19421, 151.03421",M,A,Y,,sep - feb,"9, 10, 11, 12, 1, 2",N,,47,N,400,0.0025
Piper hederaceum,1978,Piperaceae,1978,I,N,N,Y,https://biocache.ala.org.au/occurrences/5f12f0a3-43fb-4a69-ae74-377f42753c43,NSW1000041,"Palm Jungle, Royal National Park. ""In rainforest with Pisonia umbellifera, Polyscias elegans, Diospyros australis, Elaeodendron australe, etc.""",4,sterile,"-34.19610, 151.03153",Y,7/28/2025,7,3,102,1410,https://www.gaiagps.com/map/?loc=14.7/151.0415/-34.1945&pubLink=SCz8FNHmyosTq99EISIubzaW&trackId=899ae105576e5fdb41c188ff21886760,sterile,N,1,,https://www.inaturalist.org/observations/301797716,"-34.19435, 151.03405",M,A,Y,,sep - feb,"9, 10, 11, 12, 1, 2",N,,47,N,64,0.015625
Eriachne glabrata,1978,Poaceae,1978,T,N,Y,N,https://biocache.ala.org.au/occurrences/b0a371b5-2883-4839-9795-381458c49175,NSW551016,"Wallumarra track, E of Waterfall. Track from Stevens Drive to Lady Carrington Drive at Bola Creek, Royal National Park. ""On damp hillside in sandy soil.""",5,fertile,,,,,,,,,,,,,,,,,,,,,,,47,,,
Rytidosperma racemosum,1978,Poaceae,1978,,N,N,Y,https://biocache.ala.org.au/occurrences/926ab2ae-247a-4b1f-8138-a15cec850cdc,NSW319150,"Werong Beach track, Royal National Park. ""Scattered in wet sclerophyll forest on shale.""

Tufted grass 20-30 cm high.",3,fertile,"-34.20580, 151.01535",N,8/4/2025,8,4,139,1720,https://www.gaiagps.com/map/?loc=16.1/151.0222/-34.2032&pubLink=BPprJ9tr9vwGoKUvBDFEfjn3&trackId=4338a21e1379349ae4c389b31538bcd9,-,,0,"F, T",,,M,L,N,Y,sep - feb,"9, 10, 11, 12, 1, 2",N,,47,N,,
Abrophyllum ornans,1978,Rousseaceae,1978,,N,N,Y,https://biocache.ala.org.au/occurrences/59c2b92c-4e47-42e0-b56a-dc6becca53d0,UNSWDB19753,"Dumbal Brook, Lady Carrington Drive, Royal National Park.",12,,"-34.12346, 151.04778",?N,7/15/2025,7,3,21,109,https://www.gaiagps.com/map/?loc=15.7/151.0461/-34.1237&pubLink=7kj2Lsru3VEkUJWDtCvN2oVa&trackId=91066bd2-fe88-4e59-a577-dbc1831d73dc,-,,,"T, F, R",https://www.inaturalist.org/observations/298338010 https://www.inaturalist.org/observations/298337547,,M,L,N,,,,,,47,N,,
Nicotiana forsteri,1978,Solanaceae,1978,S,N,Y,N,https://biocache.ala.org.au/occurrences/92544213-1500-4aa4-87a0-f17136693b5a,NSW436381,"North of Burning Palms, Royal National Park. ""Localised to cave entrance in wet sclerophyll forest.""",4,"flowers, fruits",,,,,,,,,,,,,,,,,,,,,,,47,,,
Dendrocnide excelsa,1978,Urticaceae,1978,S,N,Y,N,https://biocache.ala.org.au/occurrences/1e780ead-e9b3-42d0-acc5-5b14a4cb22a6,NSW656150,"N of Burning Palms, Royal National Park. ""Common in rainforest with Pisonia umbellifera, Elaeodendron australe, Diospyros australis, etc.""",4,fertile,,,,,,,,,,,,,,,,,,,,,,,47,,,
Sambucus australasica,1978,Viburnaceae,1978,S,N,Y,N,https://biocache.ala.org.au/occurrences/70922fce-fd39-4af9-9260-425aa0f755f2,NSW581919,"N of Burning Palms, Royal National Park. ""Scattered on rainforest margin with Dendrocnide excelsa, Elaeodendron australe, Diospyros australis, Cryptocarya glaucescens, etc.""",4,"flowers, fruits",,,,,,,,,,,,,,,,,,,,,,,47,,,
Gahnia radula,1979,Cyperaceae,1979,,N,N,Y,https://biocache.ala.org.au/occurrences/8d0cef45-9ea1-42ca-bfb5-08434808738a,NSW636595,"Winifred Falls on South West Arm Creek, 7 km SSE of Sutherland, Royal National Park. ""Locally common in wet sclerophyll forest on sandstone hillside beneath Eucalyptus piperita."" Tufted sedge 1 m high with dark grey spikelets.",6,fertile,"-34.09206, 151.07936",N,5/28/2025,5,4,22,66,https://www.gaiagps.com/map/?loc=17.3/151.0793/-34.0916&pubLink=65xJmjvc7yq5dpGqGnSBqLpf&trackId=f2d23ea8-e6fa-4971-bc0a-be4d87ebedce,-,,0,R,https://www.inaturalist.org/observations/284753990,-,I,A,N,Y,sep - feb,"9, 10, 11, 12, 1, 2",N,,46,N,,
Goodenia bellidifolia,1980,Goodeniaceae,1980,,N,Y,N,https://biocache.ala.org.au/occurrences/0821b555-7a76-4514-93f9-c1bba03b9426,UNSWDB19255,"Royal National Park [general location]. ""Sandy coastal heath community.""",5,,,,,,,,,,,,,,,,,,,,,,,,45,,,
Drosera hookeri,1981,Droseraceae,1981,,N,N,Y,https://biocache.ala.org.au/occurrences/4ca3c266-6553-4125-bc45-8a4c7a51278b,UNSWDB11004,"Warrumbul Rd, about 1 km from the junction with Bertram Stevens Drive [Royal NP]. ""Wet heathland, recently burnt; growing with Xanthorrhoea sp., Cyathochaeta diandra, Lepidosperma & Ptilanthelium deustum; sandy soil.""",9,,"-34.08122, 151.07889",N,5/28/2025,5,4,19,433,https://www.gaiagps.com/map/?loc=16.1/151.0791/-34.0829&pubLink=xlHqKmxBWHWzCIc5Bc8KdoLu&trackId=1bb762b2-9d3f-4142-8029-1d0d6dd3ab08,-,,0,"H, F",-,-,I,L,Y,,sep - feb,"9, 10, 11, 12, 1, 2",N,,44,N,,
Almaleea paludosa,1981,Fabaceae,1981,"T, R",N,Y,N,https://biocache.ala.org.au/occurrences/594dbe21-612b-4eb1-91b3-807b6e5ee2c4,NSW588867,"Anise Falls Track, Royal National Park. ""In wet sandy soil alongside creek.""

Shrub 40 cm high. Small yellow and red flowers. Only a few plants found.",9,"fertile, flowers",,,,,,,,,,,,,,,,,,,,,,,44,,,
Gonocarpus salsoloides,1981,Haloragaceae,1981,T,N,Y,N,https://biocache.ala.org.au/occurrences/74afc1b8-c78d-4748-9820-a6b4dfbfd62f,NSW662231,"Anise Falls Track, Royal National Park. ""Common on wet ground alongside creek.""

Slender herb 40 cm high.",9,"buds, flowers",,,,,,,,,,,,,,,,,,,,,,,44,,,
Patersonia fragilis,1981,Iridaceae,1981,T,N,Y,N,https://biocache.ala.org.au/occurrences/47ebde1f-700a-44c9-948c-1deb6dd59522,"V-669061
","Royal National Park, South of Sydney. Along trail to Marley Beach from Bundeena Road. ""Heath vegetation with Epachris, Leptospermum, Banksia, and Myrtaceae dominant""",9,,,,,,,,,,,,,,,,,,,,,,,,44,,,
Poa poiformis,1982,Poaceae,1982,,N,N,Y,https://biocache.ala.org.au/occurrences/5c523d65-93ae-4b44-8d38-e6803e3f9ac8,UNSWDB4070,"Headland N of Marley Beach, Royal National Park. ""Cliff edge community with Zoysia, Sporobolus, Themeda, Opercularia, Senecio lautus and Scirpus nodosus.""",11,,"-34.11369, 151.15105",N,5/26/2025,5,2,31,493,https://www.gaiagps.com/map/?loc=14.0/151.1333/-34.1136&pubLink=a5Bl09xCwjzZdambC4nWM9KO&trackId=f250e9df-4bc0-4526-aff0-619de590fef0,-,,0,F,https://www.inaturalist.org/observations/284218137,-,I,A,Y,,dec - feb,"12, 1, 2",N,,43,N,,
Citronella moorei,1982,Cardiopteridaceae,1982,I,N,Y,N,https://biocache.ala.org.au/occurrences/104cdcf7-8343-489f-bb05-723549eaa609,WOLL5270,"Bola Creek Royal National Park. ""Rainforest""",7,flowers,,,,,,,,,,,,,,,,,,,,,,,43,,,
Celastrus subspicatus,1982,Celastraceae,1982,,N,N,Y,https://biocache.ala.org.au/occurrences/037bb9f7-24ec-49ee-a078-b88797bf9ade,WOLL3275,Burning Palms Royal National Park,8,,"-34.18565, 151.04405",N,7/29/2025,7,3,141,2120,"https://www.gaiagps.com/map/?loc=16.4/151.0462/-34.1856&pubLink=I8KlDdH7DQV7lknEcHTmvZOG&trackId=8ea6033ed960e6ffd777f13c39e0a2fe, https://www.gaiagps.com/map/?loc=16.4/151.0462/-34.1856&pubLink=2VwxQMjIKHczyLynjuMnd9uA&trackId=c2e61a94e4aae98e51382bb9aa2b194d",-,,0,"H, N",-,-,M,A,N,,-,#N/A,#N/A,,43,N,,
Cryptocarya microneura,1982,Lauraceae,1982,T,N,Y,N,https://biocache.ala.org.au/occurrences/9c584ac8-0e31-45de-863a-446b6b23fbbc,WOLL3141,"Lady Carrington Drive Royal National Park. ""Littoral and subtropical rainforest""",12,,,,,,,,,,,,,,,,,,,,,,,,43,,,
Syzygium australe,1982,Myrtaceae,1982,,N,N,Y,https://biocache.ala.org.au/occurrences/10298d62-b9ea-4214-97ca-210f0be8e9bd,NSW528762,"Dumbal Brook [Creek], Royal National Park. ""Rainforest. Soil Narrabean Group."" 2m.",5,sterile,"-34.12346, 151.04778",?N,7/15/2025,7,3,21,109,https://www.gaiagps.com/map/?loc=15.7/151.0461/-34.1237&pubLink=7kj2Lsru3VEkUJWDtCvN2oVa&trackId=91066bd2-fe88-4e59-a577-dbc1831d73dc,,,,"F, T, R",https://www.inaturalist.org/observations/298337694 https://www.inaturalist.org/observations/298338266,,M,L,N,,oct - mar,"10, 11, 12, 1, 2, 3",N,,43,N,,
Acronychia oblongifolia,1982,Rutaceae,1982,,N,Y,N,https://biocache.ala.org.au/occurrences/35b9036d-e5ef-45a9-a518-b0e36af79077,WOLL2861,"Bola Creek Royal National Park. ""Littoral and subtropical rainforest""",7,fruits,,,,,,,,,,,,,,,,,,,,,,,43,,,
Chorizandra cymbaria,1983,Cyperaceae,1975,,N,N,Y,https://biocache.ala.org.au/occurrences/b1aaea6b-39c7-4c6a-967e-581502d5e291,NSW241508,"Bola Creek on Stevens Drive, Royal National Park. ""In Banksia robur swamp with Restio complanatus, R. tetraphyllus ssp. meiostachyus, Baumea rubiginosa, Hakea teretifolia, Viminaria juncea, etc.""",4,flowers,"-34.17041, 151.04321",Y,3/5/2025,3,2,126,356,https://www.gaiagps.com/map/?loc=16.2/151.0407/-34.1689&pubLink=PCR9DAYYztiMElJIEHKGhGVA&trackId=a9b137a3-aa24-469c-9274-c37278e9e5b5,fertile,Y,,,https://www.inaturalist.org/observations/263963170,"-34.169472, 151.043579",M,L,Y,,-,#N/A,#N/A,,42,Y,64,0
Deeringia amaranthoides,1983,Amaranthaceae,1978,,N,N,Y,https://biocache.ala.org.au/occurrences/3a7f2a38-353b-4ca7-bdef-94d825623630,NSW193397,"Behind Werong Beach, Royal National Park. ""Rainforest near creek.""

Shrub to 1 m high. Shrub with young fruits.",3,"flowers, fruits","-34.20364, 151.02058",N,8/4/2025,8,4,125,1890,https://www.gaiagps.com/map/?loc=16.1/151.0222/-34.2032&pubLink=kkVVBnoH3tWOdZhyuaFSGUpR&trackId=3a49315477c07f818e4c81d7c9fb6c6e,-,,0,F,,,M,A,N,Y,sep - feb,"9, 10, 11, 12, 1, 2",N,,42,Y,,
Arrhenechthites mixtus,1983,Asteraceae,1983,,N,N,Y,https://biocache.ala.org.au/occurrences/45915bec-d520-49d0-92d1-4857bf8ef2b1,UNSWDB8987,"Jibbon Swamp, Royal National Park.  ""Rainforest ground storey on dune sand.""",4,,"-34.08586, 151.16518",N,7/21/2025,7,3,171,2010,"https://www.gaiagps.com/map/?loc=16.2/151.1705/-34.0824&pubLink=7cen7Ey4EVtXAt6jATBpkyVe&trackId=92760288-016e-4891-ad44-ab7c1da0c737, https://www.gaiagps.com/map/?loc=16.2/151.1705/-34.0824&pubLink=ZjZkVshlW584sd3xzcb55ZNx&trackId=c44338c2-2d2a-4919-9046-08ae3f31cf81",-,,0,"F, H",,,I,A,N,,-,#N/A,#N/A,,42,Y,,
Pseudognaphalium luteoalbum,1983,Asteraceae,1983,I,N,N,Y,https://biocache.ala.org.au/occurrences/dcfcd709-5437-4262-8ff6-308551ae6082,UNSWDB8394,"Jibbon Head (near Bundeena) Royal National Park. ""Heath close to coast.""",11,,"-34.07627, 151.16858",Y,7/21/2025,7,3,5,50,n/a - time and distance are estimates,"fertile, juvenile",Y,33,C,https://www.inaturalist.org/observations/299788815 https://www.inaturalist.org/observations/299799352,"-34.07967, 151.16984",I,A,N,,-,#N/A,#N/A,,42,Y,64,0.515625
Chorizandra sphaerocephala,1983,Cyperaceae,1983,,N,N,Y,https://biocache.ala.org.au/occurrences/76fafb03-26fb-433a-b5a3-67ca8a87be17,UNSWDB1972,"Jibbon Swamp, Royal National Park. ""Swamp standing in water.""",4,,"-34.08586, 151.16518",N,7/21/2025,7,3,171,2010,"https://www.gaiagps.com/map/?loc=16.2/151.1705/-34.0824&pubLink=7cen7Ey4EVtXAt6jATBpkyVe&trackId=92760288-016e-4891-ad44-ab7c1da0c737, https://www.gaiagps.com/map/?loc=16.2/151.1705/-34.0824&pubLink=ZjZkVshlW584sd3xzcb55ZNx&trackId=c44338c2-2d2a-4919-9046-08ae3f31cf81",-,,0,F,,,M,A,N,,jan - dec,"1, 2, 3, 4, 5, 6, 7, 8, 9, 10, 11, 12",Y,,42,Y,,
Eleocharis sphacelata,1983,Cyperaceae,1983,,N,N,Y,https://biocache.ala.org.au/occurrences/123d4a63-1097-4098-8d0a-654d4fab5070,UNSWDB2713,"Jibbon Swamp, Royal National Park. ""Swamp with standing water.""

Clums 0.5 m high.",4,,"-34.08586, 151.16518",N,7/21/2025,7,3,171,2010,"https://www.gaiagps.com/map/?loc=16.2/151.1705/-34.0824&pubLink=7cen7Ey4EVtXAt6jATBpkyVe&trackId=92760288-016e-4891-ad44-ab7c1da0c737, https://www.gaiagps.com/map/?loc=16.2/151.1705/-34.0824&pubLink=ZjZkVshlW584sd3xzcb55ZNx&trackId=c44338c2-2d2a-4919-9046-08ae3f31cf81",-,,-,F,,,M,A,N,,nov - dec,"11, 12",N,,42,Y,,
Machaerina articulata,1983,Cyperaceae,1983,,N,N,Y,https://biocache.ala.org.au/occurrences/0b023f74-1305-4b0b-8978-a7b9255943f3,UNSWDB2193,"Jibbon Swamp, Royal National Park. Swamp in water over 1m deep.

Clumps of stems from rhizome to 4 m high.",8,,"-34.08586, 151.16518",Y,7/21/2025,7,3,64,530,https://www.gaiagps.com/map/?loc=16.3/151.1701/-34.0825&pubLink=7cen7Ey4EVtXAt6jATBpkyVe&trackId=92760288-016e-4891-ad44-ab7c1da0c737,fertile,Y,40,,https://www.inaturalist.org/observations/299800078 https://www.inaturalist.org/observations/299790491,"-34.08184, 151.16600",M,A,N,,-,#N/A,#N/A,,42,N,64,0.625
Schoenus nitens,1983,Cyperaceae,1983,,N,Y,N,https://biocache.ala.org.au/occurrences/67eb6fd7-37ff-4a05-8e85-9712286dbc6e,UNSWDB2102,"Jibbon Head (near Bundeena) Royal National Park. ""Saltmarsh with Samolus repens & Zoysia macrantha.""",11,,,,,,,,,,,,,,,,,,,,,,,,42,,,
Leucopogon virgatus,1983,Ericaceae,1983,,N,N,Y,https://biocache.ala.org.au/occurrences/6998aa27-cc95-48bc-99eb-b1161244ad06,UNSWDB22925,"Jibbon Swamp, Royal National Park",4,,"-34.08586, 151.16518",N,7/21/2025,7,3,171,2010,"https://www.gaiagps.com/map/?loc=16.2/151.1705/-34.0824&pubLink=7cen7Ey4EVtXAt6jATBpkyVe&trackId=92760288-016e-4891-ad44-ab7c1da0c737, https://www.gaiagps.com/map/?loc=16.2/151.1705/-34.0824&pubLink=ZjZkVshlW584sd3xzcb55ZNx&trackId=c44338c2-2d2a-4919-9046-08ae3f31cf81",-,,0,F,,,M,A,N,,-,#N/A,#N/A,,42,Y,,
Pultenaea hispidula,1983,Fabaceae,1983,S,N,Y,N,https://biocache.ala.org.au/occurrences/8419d3a8-7738-4ff2-8b8c-35644467e07c,MEL 0653034A,"Royal National Park, just E of Engadine Railway Station. ""Plateau summit, steep banks of a creek. E aspect. Sandy clay loam over sandstone. Low open forest dominated by Eucalyptus haemastoma, E.oblonga, E.sieberi & Doryanthes excelsa.""

Straggling shrub to 1 m. Occasional.",10,"flowers, fruit",,,,,,,,,,,,,,,,,,,,,,,42,,,
Tasmannia insipida,1983,Winteraceae,1983,I,N,Y,N,https://biocache.ala.org.au/occurrences/52b267c8-6fef-4142-9746-74c27adb3f0c,NSW558375,"Bala Creek, Royal National Park. ""Common in rainforest with Ceratopetalum apetalum, Acmena smithii, Palmeria scandens, Guoia semiglauca, etc.""",9,"buds, flowers",,,,,,,,,,,,,,,,,,,,,,,42,,,
Peperomia leptostachya,1984,Piperaceae,1984,,N,N,Y,https://biocache.ala.org.au/occurrences/176ea8c9-12d4-4ddc-a427-49c0aed2ce8a,WOLL6536,"Cabbage Tree Basin Royal NP. ""Littoral and subtropical rainforest"". On rock in rainforest patch",1,,"-34.08756, 151.13484",N,5/21/2025,5,2,32,304,https://www.gaiagps.com/map/?loc=10.6/151.1804/-34.0328&pubLink=XFX9iGTnbPD7jHsY31SehIeP&trackId=d311ce9e-08ff-475a-a394-20c3d67f65be,-,,0,R,-,-,I,A,N,Y,dec - feb,"12, 1, 2",N,,41,N,,
Cassinia trinerva,1984,Asteraceae,1984,,N,Y,N,https://biocache.ala.org.au/occurrences/eaced5bf-9da4-44f3-a226-01cc284713e9,WOLL1619,Hacking River 33 near transmittion line S.R.A.,4,,,,,,,,,,,,,,,,,,,,,,,,41,,,
Senecio bipinnatisectus,1984,Asteraceae,1983,,N,N,Y,https://biocache.ala.org.au/occurrences/f1eb3bc0-4f84-4c5a-aa9e-0362947faec3,UNSWDB4563,"Jibbon Swamp, Royal National Park. ""Edge of swamp and heathland on dune sand, full sun.""",4,,"-34.08586, 151.16518",N,7/21/2025,7,2,171,2010,"https://www.gaiagps.com/map/?loc=16.2/151.1705/-34.0824&pubLink=7cen7Ey4EVtXAt6jATBpkyVe&trackId=92760288-016e-4891-ad44-ab7c1da0c737, https://www.gaiagps.com/map/?loc=16.2/151.1705/-34.0824&pubLink=ZjZkVshlW584sd3xzcb55ZNx&trackId=c44338c2-2d2a-4919-9046-08ae3f31cf81",-,,0,F,,,M,L,N,,sep - feb,"9, 10, 11, 12, 1, 2",N,,41,Y,,
Diplazium australe,1984,Athyriaceae,1984,,Y,Y,N,https://biocache.ala.org.au/occurrences/a527a5ac-09ab-45fc-83ed-f3cb09365625,WOLL5302,Hacking River. Original ID Dennstaedtia davallioides.,4,,,,,,,,,,,,,,,,,,,,,,,,41,,,
Eucalyptus apiculata,1984,Myrtaceae,1984,,Y,Y,N,https://biocache.ala.org.au/occurrences/ae75f2c2-831f-4314-ae1c-4be6f40af19c,WOLL1385,Near Waterfall Hacking River 27. NO FRUITS OR BUDS ON SPECIMEN,4,,,,,,,,,,,,,,,,,,,,,,,,41,,,
Eucalyptus saligna,1984,Myrtaceae,1984,,N,Y,N,https://biocache.ala.org.au/occurrences/47e44c08-808f-4e58-9348-f80ed93d8b0e,WOLL864,Audley Royal National Park,4,seeds,,,,,,,,,,,,,,,,,,,,,,,41,,,
Pomaderris intermedia,1984,Rhamnaceae,1984,,N,Y,N,https://biocache.ala.org.au/occurrences/328d1da9-5753-442c-ad06-148ddd6a4e2d,WOLL1814,Hacking River 2B,4,flowers,,,,,,,,,,,,,,,,,,,,,,,41,,,
Leptospermum juniperinum,1985,Myrtaceae,1985,,N,N,Y,https://biocache.ala.org.au/occurrences/3909b952-3c7d-46cd-bacc-835e78bcaf3c,NSW509256,"2 km SE of Audley, Royal National Park. ""Occasional on poorly drained sandy soil at disturbed track edge, +/- level ridge top.",8,fruits,"-34.08710, 151.07302",N,5/28/2025,5,4,32,491,https://www.gaiagps.com/map/?loc=16.6/151.0718/-34.0871&pubLink=uJ8O7dpz3Mrb318RIAHYUIqg&trackId=8b3633ea-273a-4022-a687-10fe2e1b61c0,fruits,Y,54,T,https://www.inaturalist.org/observations/284754880 https://www.inaturalist.org/observations/284754755,-,I,L,N,,sep - feb,"9, 10, 11, 12, 1, 2",N,Y,40,N,,
Pararchidendron pruinosum,1985,Fabaceae,1985,I,N,N,Y,https://biocache.ala.org.au/occurrences/1a107813-32f6-4be4-9423-73f80c15b511,WOLL2020,Werrong Beach Royal National Park,8,,"-34.20370, 151.01890",N,8/4/2025,8,4,125,1890,https://www.gaiagps.com/map/?loc=16.1/151.0222/-34.2032&pubLink=kkVVBnoH3tWOdZhyuaFSGUpR&trackId=3a49315477c07f818e4c81d7c9fb6c6e,-,,0,"R, C",,,M,A,N,Y,jul - dec,"7, 8, 9, 10, 11, 12",Y,,40,N,,
Prostanthera lasianthos,1985,Lamiaceae,1985,,N,N,Y,https://biocache.ala.org.au/occurrences/04f1beaa-7e35-403d-920f-77a8a3e8cebf,UNSWDB20873,"""Littoral rainforest."" Burning Palms [Beach].",,,"-34.18453, 151.04592",N,7/29/2025,7,3,141,2120,"https://www.gaiagps.com/map/?loc=16.4/151.0462/-34.1856&pubLink=I8KlDdH7DQV7lknEcHTmvZOG&trackId=8ea6033ed960e6ffd777f13c39e0a2fe, https://www.gaiagps.com/map/?loc=16.4/151.0462/-34.1856&pubLink=2VwxQMjIKHczyLynjuMnd9uA&trackId=c2e61a94e4aae98e51382bb9aa2b194d",-,,0,"H, N",https://www.inaturalist.org/observations/302054268,,M,A,N,,jan - dec,"1, 2, 3, 4, 5, 6, 7, 8, 9, 10, 11, 12",Y,,40,N,,
Endiandra sieberi,1985,Lauraceae,1985,,N,N,Y,https://biocache.ala.org.au/occurrences/322fb7f8-b50d-4359-8955-e328a2c86574,NSW442737,"Burning Palms, Royal National Park. ""Littoral rainforest.""",,fruits,"-34.18453, 151.04592",N,7/29/2025,7,3,141,2120,"https://www.gaiagps.com/map/?loc=16.4/151.0462/-34.1856&pubLink=I8KlDdH7DQV7lknEcHTmvZOG&trackId=8ea6033ed960e6ffd777f13c39e0a2fe, https://www.gaiagps.com/map/?loc=16.4/151.0462/-34.1856&pubLink=2VwxQMjIKHczyLynjuMnd9uA&trackId=c2e61a94e4aae98e51382bb9aa2b194d",-,,0,"H, N",,,M,A,N,,sep - may,"9, 10, 11, 12, 1, 2, 3, 4, 5",N,,40,N,,
Litsea reticulata,1985,Lauraceae,1985,,N,N,Y,https://biocache.ala.org.au/occurrences/9f905de7-a18a-4d8f-ae28-94a674fe8beb,WOLL3146,Werrong Beach Royal National Park,8,,"-34.20370, 151.01890",N,8/4/2025,8,4,125,1890,https://www.gaiagps.com/map/?loc=16.1/151.0222/-34.2032&pubLink=kkVVBnoH3tWOdZhyuaFSGUpR&trackId=3a49315477c07f818e4c81d7c9fb6c6e,-,,0,"R, F",,,M,A,N,Y,nov - nov,11,N,,40,N,,
Ficus henneana,1985,Moraceae,1985,,N,N,Y,https://biocache.ala.org.au/occurrences/6c3c5c6c-03b2-4060-80fd-0d600985fd03,WOLL2413,Palm Jungle Royal National Park,8,fruits,"-34.19610, 151.03153",Y,7/28/2025,7,3,102,1410,https://www.gaiagps.com/map/?loc=14.7/151.0415/-34.1945&pubLink=SCz8FNHmyosTq99EISIubzaW&trackId=899ae105576e5fdb41c188ff21886760,sterile,N,1,,https://www.inaturalist.org/observations/301797707,"-34.19631, 151.03121",M,A,N,,oct - jan,"10, 11, 12, 1",N,,40,N,400,0.0025
Eucalyptus scias,1985,Myrtaceae,1985,,N,N,Y,https://biocache.ala.org.au/occurrences/7c8a79f3-b806-447e-83de-f7d19504a88e,NSW319799,"Bulgo Hill, Garrawarra, Royal National Park.",8,buds,"-34.19170, 151.03015",Y,7/28/2025,7,3,133,1050,https://www.gaiagps.com/map/?loc=15.6/151.0334/-34.1956&pubLink=gYbmlm8dYsXCX0qGbbnb0Crh&trackId=c3c590f4f01bce5f3a7ea636ecb3880a,"fruits, buds",Y,5,A,https://www.inaturalist.org/observations/301797706,"-34.19099, 151.03256",I,A,N,,-,#N/A,#N/A,,40,N,400,0.0125
Rytidosperma pallidum,1986,Poaceae,1986,,Y,N,Y,https://biocache.ala.org.au/occurrences/7e324f93-6722-44d0-9649-eff3c48f6f6b,NSW208159,"Sir Bertram Stevens Drive, 2.1 km south of Wattamolla turnoff, Royal National Park. ""Top of old vegetated grader mound. On near-flat ridge top with tall heath vegetation and occasional Eucalyptus gummifera. Gravelly whitish silty sand on sandstone, possibly some laterite.""",9,sterile,"-34.14422, 151.06327",N,3/5/2025,3,2,5,82,https://www.gaiagps.com/map/?loc=17.3/151.0629/-34.1442&pubLink=bt7kEfoEe9xonFPHxpZv9OEn&trackId=e5c91fcc-87d8-4238-bfe5-f61dc4df57cc,-,,0,H,https://www.inaturalist.org/observations/263968286,"-34.1440729999, 151.0634",I,L,Y,,oct - jan,"10, 11, 12, 1",N,,39,Y,,
Lepyrodia verruculosa,1986,Restionaceae,1986,,N,N,Y,https://biocache.ala.org.au/occurrences/472d7e6e-8a0e-46b0-936b-f42af191f929,CANB 375858.1,"Marley track car park, Bundeena Drive, Royal National Park. ""On gentle slope to east c. 5 degrees. Sandy loam soil with laterite over Hawkesbury sandstone. In heath with: Hakea gibbosa, H.dactyloides, Allocasuarina littoralis, Eucalyptus obtusiflora, Banksia ericifolia, B. marginata. Leptospermum attenuatum, Eucalyptus gummifera, Acacia suaveolens.""",7,sterile,"-34.10268, 151.11611",N,3/5/2025,3,2,11,186,https://www.gaiagps.com/map/?loc=16.9/151.1139/-34.1022&pubLink=UBISjtmzF3ji1pPHb4Ehq9jZ&trackId=f8a4f53c-3151-4afe-8d3a-35ce8c790983,-,,0,H,,,I,A,Y,,nov - feb,"11, 12, 1, 2",N,,39,N,,
Leptospermum continentale,1986,Myrtaceae,1986,,N,N,Y,https://biocache.ala.org.au/occurrences/21644c6a-2379-42f9-bac1-7c88dc5f27a0,NSW196318,"Water-pipeline track, just northwest of Warumbul Road, Royal National Park. ""Undisturbed swampy area on gentle slope. Dense heath with Banksia robur, Gleichenia dicarpa, Lepidosperma limicola.""",9,fruits,"-34.08179, 151.06989",Y,5/28/2025,5,4,16,198,https://www.gaiagps.com/map/?loc=16.6/151.0693/-34.0814&pubLink=QPR7WDSCEoIzpjJBfRGPLwGA&trackId=b73572dd-c1d6-4835-b661-dec5cf52abd1,fruits,Y,many,T,https://www.inaturalist.org/observations/284755248,"-34.08375834, 151.07230834",I,L,Y,,-,#N/A,#N/A,Y,39,N,144,0.7
Centella asiatica,1986,Apiaceae,1986,,N,N,Y,https://biocache.ala.org.au/occurrences/c1c04aa3-0bf5-4d2b-bf04-c3de89ff177e,NSW196350,"Otford, on track to Bulgo. ""Steep bouldery hillside rising straight from sea. Dense littoral rainforest with Eucalyptus botryoides, and Livistona australis present. Disturbed. Deep, brown clay soil on sandstone/shale interbedded.""",9,,"-34.21670, 151.00830",N,7/20/2025,7,2,53,624,"https://www.gaiagps.com/map/?loc=17.3/151.0086/-34.2159&pubLink=NuXs8kTmrbu5vSfMyGE6iitx&trackId=051eee64-903f-4b9e-a52b-ecdfe5af501a, https://www.gaiagps.com/map/?loc=17.3/151.0086/-34.2159&pubLink=3xOZxieGSZeOEBi5TIdLBPIX&trackId=2de0ce0f-f311-452b-9834-f9b75f10db0d",,,,F,,,M,L,Y,,-,#N/A,#N/A,,39,N,,
Polyscias elegans,1986,Araliaceae,1986,,N,N,Y,https://biocache.ala.org.au/occurrences/1d4767c1-667e-4b45-90ba-d598f4b01799,NSW196349,"Otford, on track to Bulgo. ""Steep bouldery hillside rising straight from sea. Dense littoral rainforest with Eucalyptus botryoides, and Livistona australis present. Disturbed. Deep, brown clay soil on sandstone/shale interbedded.""",9,,"-34.21670, 151.00830",N,7/20/2025,7,2,65,877,"https://www.gaiagps.com/map/?loc=17.3/151.0091/-34.2152&pubLink=XYVQJmGUlXLElltpbRTnr18P&trackId=ed405dcc-d6cd-4c8b-933e-360fdd3cd015, https://www.gaiagps.com/map/?loc=17.3/151.0086/-34.2159&pubLink=ERSlcoCvYWn9IKwTdfptYTQx&trackId=ea98ef3d-6775-4af0-8645-c0af739b8235",-,,0,"F, R",,,M,L,Y,Y,-,#N/A,#N/A,,39,N,,
Lomandra brevis,1986,Asparagaceae,1986,,N,N,Y,https://biocache.ala.org.au/occurrences/85dab6e0-1df5-412f-b723-b237890f2737,NSW196298,"Sir Bertram Stevens Drive, 4.5 km north of Bundeena turnoff, Royal National Park. ""Undisturbed stony slope at top of rocky ridge. Heath/stunted forest boundary with Eucalyptus haemastoma, Angophora hispida and Banksia serrata. Skeletal soil on sandstone and ironstone gravel.""",9,flowers,"-34.10613, 151.05988",?N,7/14/2025,7,2,34,740,https://www.gaiagps.com/map/?loc=16.5/151.0610/-34.1063&pubLink=zGYyqX3wkfCIVUM6580Y49Uy&trackId=8e6f98a5-8780-4ad0-966b-39fb31f481da,sterile,,0,A,https://www.inaturalist.org/observations/297867293 https://www.inaturalist.org/observations/297824660,"-34.10646, 151.06010",I,L,Y,,oct - dec,"10, 11, 12",N,,39,Y,,
Senecio pinnatifolius,1986,Asteraceae,1986,,N,N,Y,https://biocache.ala.org.au/occurrences/d01ed62e-393d-48c5-b817-7fb9f15691c0,NSW196269,"Boy Martin Point, Wattamolla, Royal National Park.",9,sterile,"-34.13962, 151.12053",Y,7/14/2025,7,2,15,140,https://www.gaiagps.com/map/?loc=16.9/151.1205/-34.1397&pubLink=SEFu9n24t3kP9nSV304PPyOa&trackId=73be19bc-f348-4fcf-ac17-788e564e4bf1,flowers,Y,16,,https://www.inaturalist.org/observations/297864738 https://www.inaturalist.org/observations/297822642,"-34.13969, 151.12059",I,A,N,,sep - feb,"9, 10, 11, 12, 1, 2",N,,39,Y,64,0.25
Sphaeromorphaea australis,1986,Asteraceae,1986,,N,N,Y,https://biocache.ala.org.au/occurrences/bd0a3fd5-982f-495c-87e0-01df2db06618,NSW196271,"Boy Martin Point, Wattamolla, Royal National Park.",9,flowers,"-34.13962, 151.12053",Y,7/14/2025,7,2,35,210,https://www.gaiagps.com/map/?loc=16.9/151.1205/-34.1397&pubLink=SEFu9n24t3kP9nSV304PPyOa&trackId=73be19bc-f348-4fcf-ac17-788e564e4bf1,fertile,Y,2,,https://www.inaturalist.org/observations/297865269 https://www.inaturalist.org/observations/297822660,"-34.13949, 151.12042",I,A,N,,sep - jan,"9, 10, 11, 12, 1",N,,39,Y,64,0.03125
Callitris muelleri,1986,Cupressaceae,1950,T,N,Y,N,https://biocache.ala.org.au/occurrences/ee3cfe37-d9fe-4403-8493-83ffb56e85dd,NSW22851,"Karloo Pool to Uloola Falls, [Royal] National Park. 25' [7.6 m]. Markedly fastigate habit. Only old trees about.",9,fruits,"-34.10325, 151.03300",,,,,,,,,,,,,,,,,,,,,,39,,,
Monotaxis linifolia,1986,Euphorbiaceae,1986,,N,N,Y,https://biocache.ala.org.au/occurrences/bebadad2-af84-4966-b474-8348e7b5ea85,NSW208168,"Sir Bertram Stevens Drive, 2.1 km south of Wattamolla turnoff, Royal National Park. ""Top of old vegetated grader mound. On near-flat ridge top with tall heath vegetation and occasional Eucalyptus gummifera. Gravelly whitish silty sand on sandstone, possibly some laterite."" Locally frequent. Straggling perennial herb to 0.3 m high. Flowers cream.",9,flowers,"-34.14422, 151.06327",N,7/14/2025,7,2,25,433,https://www.gaiagps.com/map/?loc=18.1/151.0635/-34.1445&pubLink=Nj4lzueTayXda5D6Y7i8SVDN&trackId=3866251b-8cb6-4502-91de-2de9125087d8,-,,0,"H, F",-,-,I,L,Y,,sep - feb,"9, 10, 11, 12, 1, 2",N,,39,N,,
Flagellaria indica,1986,Flagellariaceae,1986,,N,N,Y,https://biocache.ala.org.au/occurrences/8a14bb3b-480c-4a32-adad-2fa8bfdbe89e,NSW196337,"Kobardo Brook, Lady Carrington Drive, 4 km south of Audley, Royal National Park. ""Bottom of narrow gully near river. Deep loose soil on bank of gully. Tall wet sclerophyll forest with Eucalyptus pilularis. Disturbed.""",9,sterile,"-34.11224, 151.04976",Y,7/15/2025,7,3,8,47,https://www.gaiagps.com/map/?loc=16.1/151.0512/-34.1112&pubLink=9T05YrACo4MOJ7nTByJH3hH9&trackId=40e0f355-0d13-4c65-a5ff-1b473cb64d7b,sterile,N,many,,https://www.inaturalist.org/observations/298338514,"-34.11225, 151.05013",I,L,Y,,sep - feb,"9, 10, 11, 12, 1, 2",N,,39,N,64,0.7
Pelargonium inodorum,1986,Geraniaceae,1986,,N,N,Y,https://biocache.ala.org.au/occurrences/ff66990a-3dd8-407a-bd28-7a6ba09ecaf8,NSW196339,"Otford, on track to Bulgo. ""Steep hillside rising straight from sea. Burnt-over Imperata, formerly stunted forest of Eucalyptus botryoides and rainforest spp. Soft reddish shale.""",9,"flowers, fruits, seed","-34.21670, 151.00830",N,7/20/2025,7,2,53,624,"https://www.gaiagps.com/map/?loc=17.3/151.0086/-34.2159&pubLink=NuXs8kTmrbu5vSfMyGE6iitx&trackId=051eee64-903f-4b9e-a52b-ecdfe5af501a, https://www.gaiagps.com/map/?loc=17.3/151.0086/-34.2159&pubLink=3xOZxieGSZeOEBi5TIdLBPIX&trackId=2de0ce0f-f311-452b-9834-f9b75f10db0d",-,,0,F,,,M,L,Y,,-,#N/A,#N/A,,39,N,,
Wilkiea hugeliana,1986,Monimiaceae,1986,,N,N,Y,https://biocache.ala.org.au/occurrences/7a8c0246-fffa-4d63-b0ac-c9ab0f00c8c5,NSW196328,"Lady Carrington Drive, 2.5 km south of locked gate at Audley, Royal National Park. ""At foot of slope at bottom of narrow valley near river. Undisturbed wet sclerophyll forest with Syncarpia, Eucalyptus pilularis. Dark brown loamy forest soil on sandstone.""",9,,"-34.09853, 151.05052",Y,7/15/2025,7,3,9,58,https://www.gaiagps.com/map/?loc=16.5/151.0515/-34.0994&pubLink=JKTzYlvuxe2oI5PzwHbPUw6Y&trackId=8c1ce792-dc0a-497f-88bb-de8d0e3160fe,"sterile, juvenile",N,37,,https://www.inaturalist.org/observations/298338669,"-34.09866, 151.04992",I,A,Y,,-,#N/A,#N/A,,39,N,144,0.256944444
Eucalyptus eugenioides,1986,Myrtaceae,1986,O,N,Y,N,https://biocache.ala.org.au/occurrences/af97fa40-a6ab-4be6-8aa6-aa5acbdb0c7a,NSW325841,"c. 25 km S of Sydney, Bundeena, Loftus St. ""Coastal hills, gentle slope. N aspect. Sand over sandstone. Remnant in suburbia of open forest dominated by Eucalyptus botryoides, with Angophora costata, Cupaniopsis, Synoum and Acronychia.""",4,"buds, flowers, fruits","-34.08310, 151.15702",,,,,,,,,,,,,,,,,,,,,,39,,,
Pterostylis alveata,1986,Orchidaceae,1986,,N,Y,N,https://biocache.ala.org.au/occurrences/9779eb5c-01eb-475e-93cf-1a483f57bde8,CANB 610491.1,"Sydney. Royal National Park.
Supplied as: ""Sydney. Royal National Park.""",4,flowers,,,,,,,,,,,,,,,,,,,,,,,39,,,
Sporadanthus gracilis,1986,Restionaceae,1986,T,N,Y,N,https://biocache.ala.org.au/occurrences/b9615c8f-d45c-4198-8097-9c2cee139577,NSW363350,"Curra Moors Track, Royal National Park. ""In swamp with Lepyrodia scariosa, Restio complanatus, Empodisma minus, Banksia robur, Hibbertia salicifolia, Lepidosperma forsythii, etc.""",5,,,,,,,,,,,,,,,,,,,,,,,,39,,,
Cyclophyllum longipetalum,1986,Rubiaceae,1986,,N,N,Y,https://biocache.ala.org.au/occurrences/774ca4aa-396b-4691-ae62-a696f8c4c2c6,NSW196345,"Otford, on track to Bulgo. ""Steep bouldery hillside rising straight from sea. Dense littoral rainforest with Eucalyptus botryoides, and Livistona australis present. Disturbed. Deep, brown clay soil on sandstone/shale interbedded.""",9,sterile,"-34.21655, 151.00826",N,7/20/2025,7,2,82,885,"https://www.gaiagps.com/map/?loc=17.3/151.0091/-34.2152&pubLink=4LGrLIvtJ7F831LO65oQmaK8&trackId=d0ddbcbd-aece-41f2-a08b-85d5dbbf1215, https://www.gaiagps.com/map/?loc=17.3/151.0091/-34.2152&pubLink=XYVQJmGUlXLElltpbRTnr18P&trackId=ed405dcc-d6cd-4c8b-933e-360fdd3cd015, https://www.gaiagps.com/map/?loc=17.3/151.0086/-34.2159&pubLink=ERSlcoCvYWn9IKwTdfptYTQx&trackId=ea98ef3d-6775-4af0-8645-c0af739b8235",-,,0,"F, R",,,M,L,Y,Y,dec - may,"12, 1, 2, 3, 4, 5",N,,39,N,,
Schizaea rupestris,1986,Schizaeaceae,1981,T,N,Y,N,https://biocache.ala.org.au/occurrences/aec6515c-10cd-4190-8dbf-43f93a8ce684,NSW628201,"Anise Falls Track, Royal National Park. ""Growing on a damp sandstone ledge above waterfall.""",9,fertile,"-34.09379, 151.08704",,,,,,,,,,,,,,,,,,,,,,39,,,
Baeckea diosmifolia,1987,Myrtaceae,1987,T,N,Y,N,https://biocache.ala.org.au/occurrences/b2c07ce7-45bd-4cf8-8197-7f67fecd3200,NSW455765,"Waterfall, NW end of Uloola track, near start of track, Royal National Park. ""Gentle slope, NE aspect. Yellow grey sand. Open forest: Eucalyptus, Melaleuca and Banksia.""",12,flowers,,NN,3/5/2025,3,2,49,1390,https://www.gaiagps.com/map/?loc=15.6/151.0536/-34.0768&pubLink=7a1OJoasSEk7jWxGHkSS3QZx&trackId=b7495c35-6b02-4f97-a320-ad468ebc1c15,-,,0,,,,I,,,,sep - feb,"9, 10, 11, 12, 1, 2",N,,38,,,
Gmelina leichhardtii,1987,Lamiaceae,1987,I,N,N,Y,https://biocache.ala.org.au/occurrences/b0e17fb0-4ea7-4c6d-93bd-8503bff49aff,WOLL6002,Warm temperate rainforest. Walker's Garden Royal National Park,6,,"-34.12568, 151.03837",?N,7/15/2025,7,3,29,336,https://www.gaiagps.com/map/?loc=19.2/151.0388/-34.1259&pubLink=XRGy6ulZuwJxTLK8EKqJBRlt&trackId=31e79b88-40bd-4b74-b9d3-0c125459b7e8,-,,0,"F, R",https://www.inaturalist.org/observations/298336630 https://www.inaturalist.org/observations/298336959,,I,A,N,,sep - nov,"9, 10, 11",N,,38,N,,
Eucalyptus squamosa,1987,Myrtaceae,1987,I,N,Y,N,https://biocache.ala.org.au/occurrences/8fa519e1-0713-4872-a8ef-a140e7d24813,NSW330915,"Princes Hway. Engadine. ""Growing in sandstone soil amongst other remnant native trees on nature strip - E. gummifera, E. haemastoma, E. capitellata.""",5,buds,"-34.06827, 151.01555",,,,,,,,,,,,,,,,,,,,,,38,,,
Gaudium parvifolium,1987,Myrtaceae,1987,T,N,Y,N,https://biocache.ala.org.au/occurrences/602dace1-9d9b-414c-af40-a983acd77423,CBG 8704563.1,"Royal National Park, Waterfall, NW end of Uloola track, near start of track. ""Gentle slope, NE slope. Yellow grey sand. Open forest: Eucalyptus, Melaleuca and Banksia. """,12,,,,,,,,,,,,,,,,,,,,,,,,38,,,
Bothriochloa decipiens,1987,Poaceae,1987,,N,Y,N,https://biocache.ala.org.au/occurrences/f1c468b3-d4b5-4c24-ac4b-433a5db668e5,WOLL6154,Royal National Park turnoff from Loftus,11,,,,,,,,,,,,,,,,,,,,,,,,38,,,
Sporobolus creber,1987,Poaceae,1987,,N,Y,N,https://biocache.ala.org.au/occurrences/4cd025ce-5801-40be-89a8-f25f2cad2a85,NSW426159,"Princess Highway (200 m N of roadbridge), Engadine. ""Laterite soil amongst native and introduced herbs and grasses, surrounded by Casuarina distyla & Angophora hipida.""",4,flowers,,,,,,,,,,,,,,,,,,,,,,,38,,,
Utricularia biloba,1988,Lentibulariaceae,1988,R,N,N,N,https://biocache.ala.org.au/occurrences/9e7dc84d-88e4-4b81-b474-c630e4783f9f,NSW681757,"Jibbon Lagoons, 500 m S of Jibbon Beach at W end of most southern lagoon, Royal National Park. ""Amongst tussock grasses in shallow water and very wet peaty soil.",2,fertile,"-34.08615, 151.16420",,,,,,,,,,,,,,,,,,,,,,37,,,
Eucalyptus capitellata,1988,Myrtaceae,1988,,N,N,Y,https://biocache.ala.org.au/occurrences/2d6b165c-42ab-442e-bd58-1459810141b8,MELUD111474a,"On the Uloola Track in the town of Waterfall, Royal National Park. Opposite Waterfall railway station and near the oval.",5,,"-34.13783, 150.99697",Y,7/22/2025,7,3,31,376,https://www.gaiagps.com/map/?loc=15.4/151.0025/-34.1369&pubLink=yQK4QhMINnHU6ou2TsC3KbM8&trackId=f1abbf40-5f89-4924-ad03-bd2f811db75e,"buds, fruits",Y,4,A,https://www.inaturalist.org/observations/300333792 https://www.inaturalist.org/observations/299995973,"-34.13836, 150.99762",I,L,N,,-,#N/A,#N/A,,37,Y,400,0.01
Eucalyptus consideniana,1988,Myrtaceae,1988,T,N,Y,N,https://biocache.ala.org.au/occurrences/489af926-8e82-4164-bb7a-922a6c39468b,WOLL1445,Wises Track Royal National Park,7,"flowers, fruit","-34.12934, 151.05748",,,,,,,,,,,,,,,,,,,,,,37,,,
Syzygium oleosum,1988,Myrtaceae,1988,R,N,Y,N,https://biocache.ala.org.au/occurrences/98e5768d-6350-4453-932d-a333fb44359e,WOLL2843,Bulgo Royal National Park,4,flowers,"-34.1937986240991, 151.029178866397",,,,,,,,,,,,,,,,,,,,,,37,,,
Baloskion tetraphyllum,1989,Restionaceae,1975,,N,N,Y,https://biocache.ala.org.au/occurrences/b78186e6-09b9-4fe2-86c1-016f1b6810b4,NSW271224,"Bola Creek on Stevens Drive, Royal National Park. ""In Banksia robur swamp with Restio complanatus, Baumea rubiginosa, B. gunnii, Chorizandra cymbaria, Viminaria juncea, Hakea teretifolia, etc.""",4,flowers,"-34.17041, 151.04321",Y,2/25/2025,2,2,1,5,https://www.gaiagps.com/map/?loc=19.9/151.0431/-34.1705&pubLink=fjaYgYQaGjGhNahlAmlR41B8&trackId=e97f6ae6-6260-43e7-9c96-0319792e605a,fruiting,Y,5,,https://www.inaturalist.org/observations/263134975 https://www.inaturalist.org/observations/263033032,"-34.170528, 151.043121",M,L,Y,,oct - jan,"10, 11, 12, 1",Y,,36,Y,64,0.078125
Choretrum candollei,1989,Santalaceae,1973,,N,N,Y,https://biocache.ala.org.au/occurrences/58ff3ced-44d6-4e6b-96eb-141d5e24d0c2,NSW428445,"Erect shrub 1 m high with white flowers. Scattered. Couranga Ridge above Couranga Brook on track between Waterfall and Upper Causeway, Royal National Park. ""In sandy soil in Eucalytpus forest on slope of ridge.""",6,flowers,"-34.14110, 151.00875",N,7/22/2025,7,3,72,3030,https://www.gaiagps.com/map/?loc=14.1/151.0061/-34.1325&pubLink=dyeFLkNAZ0G0weURipECG8p6&trackId=e7a1a49b-7533-4487-867e-c68505429037,sterile,,1,,https://www.inaturalist.org/observations/300334239,"-34.13933, 151.00568",I,L,N,,apr - aug,"4, 5, 6, 7, 8",Y,,36,Y,,
Pseudoraphis paradoxa,1989,Poaceae,1989,,N,N,Y,https://biocache.ala.org.au/occurrences/570c2708-0a9d-462f-9e60-efa8870f39ad,UNSWDB6871,"North Jibbon Lagoon, SE of Bundeena. ""Margin of lagoon.""",4,,"-34.08252, 151.16433",Y,7/21/2025,7,3,64,530,https://www.gaiagps.com/map/?loc=16.3/151.1701/-34.0825&pubLink=7cen7Ey4EVtXAt6jATBpkyVe&trackId=92760288-016e-4891-ad44-ab7c1da0c737,fertile,Y,many,,https://www.inaturalist.org/observations/299790486,"-34.08123, 151.16636",M,L,N,,-,#N/A,#N/A,,36,N,64,0.7